	Excitatory	Inhibitory	Oligodendrocyte	Astrocyte	OPC	Microglia	Endothelial	VLMC	Pericyte
10101327	0.350691884737377	0.104784279055266	0.130158451567775	0.204131523010486	0.0001500989274966	0.0283160193180937	0.0112622813799053	0.0001262559336093	0.170379206069991
10101589	0.305644574436846	0.026137800202925	0.152433212931007	0.264645808032649	0.0086092516631704	0.0306749147126212	0.0279791020468582	0.0019046428612365	0.181970693112686
10202345	0.303165837462844	0.0811608668441734	0.154113907608359	0.216930437478908	5.11566680068886e-05	0.0650137216407141	0.0147330103934813	0.0001124203247223	0.164718641578792
10203224	0.374343027553223	0.216720963057229	0.110379845531383	0.111560994580063	0.0003862151910151	0.0329918773842594	0.0109485821974358	0.0005410238671167	0.142127470638274
10205244	0.297046357033241	0.0519444662137247	0.204062782016291	0.225912286559205	0.0002245039006713	0.0345417167600124	0.0210270625725839	0.000177574322214	0.165063250622057
10208143	0.34546618967429	0.137435074941695	0.137877271658647	0.167386465327667	0.0001382828784103	0.0344304687988508	0.0100295149113493	0.0007143710074051	0.166522360801685
10218339	0.330332213171015	0.0776467914654524	0.180701047406717	0.198153931106011	0.0004745817889602	0.0296335535555439	0.0150393663993491	0.0010245623966854	0.166993952710266
10222853	0.373594998538818	0.087748147034674	0.154757164676038	0.158969103448797	0.000388544801662	0.0395044801987016	0.0134674723421582	0.0008196575650621	0.17075043139409
10246987	0.449253716800224	0.170591754430925	0.0674723833038913	0.108122630875173	0.0001685048308887	0.03004860539095	0.0256572753744521	0.0001341025867332	0.148551026406763
10248033	0.354171965941072	0.0845658163647715	0.139614475464255	0.210352616642404	0.0040649762472558	0.02590002377521	0.0087265925371132	0.001108517294348	0.17149501573357
10249336	0.341086778056816	0.0822119220714359	0.170437110710076	0.18489315181972	0.0009752667218069	0.0362096159375716	0.0182985399668657	0.0008317023628442	0.165055912352864
10253148	0.294263653672964	0.0237087888397896	0.104081170970506	0.28939319697382	0.0017140138843212	0.0788335427880927	0.0193654630975265	0.0003058660762769	0.188334303696703
10260309	0.302450216891651	0.0441209801147539	0.129740253982793	0.292680277665878	0.0019031351965819	0.0333045882168267	0.0183884408050105	0.0003769030526843	0.177035204073821
10262905	0.368859478969844	0.088544502064188	0.174580720397617	0.161615663313902	0.0002992921985278	0.0320114021673333	0.012519589698571	0.000534722288882	0.161034628901135
10271474	0.340277736796484	0.0760634766435985	0.165010982952239	0.199404522279965	0.0003123404394065	0.0370740320196056	0.010730911584811	0.0002222645849638	0.170903732698926
10277308	0.337966867061005	0.0414025701660911	0.173516381082425	0.225423229098267	0.0012284522755318	0.0441060664313869	0.0148127903590023	0.0004818080607098	0.161061835465581
10288185	0.34477132759439	0.0528906493016004	0.143744445177799	0.224769317057576	0.0020837797719125	0.0336823281467613	0.0164280028051478	0.0009257581587136	0.1807043919861
10290427	0.301578922205253	0.0506937471640079	0.165153057941667	0.220598393778225	6.52519910518389e-05	0.0532660559543891	0.0187925739128432	0.000181814585958	0.189670182466605
10291856	0.226607415598157	0.0057663352276321	0.221265524183047	0.291970482019746	0.0067138575830542	0.0372198916999046	0.025882421651544	0.0011931270554643	0.18338094498145
10292311	0.367103847910083	0.0746680595551409	0.146428935059264	0.202224586966554	0.0010250137162144	0.0294978412290577	0.0132576550581416	0.0005902907070924	0.165203769798452
10300914	0.258594351324146	0.010360621675609	0.199517289940589	0.282863169798957	0.0068746870596946	0.0385495550648452	0.0202744659008008	0.0002735838828964	0.182692275352462
10315029	0.231705773343105	0.0112285287675849	0.223497322937312	0.275968268367246	0.0013285281970838	0.0510620196437757	0.0206625010594519	0.0002537487969391	0.184293308887502
10345561	0.33355888794826	0.073890312728774	0.107051108467214	0.23564668394266	0.000626110785737	0.0451275509079745	0.0200721867804418	9.41250581983102e-05	0.18393303338074
10383017	0.357362406603975	0.0966531037198578	0.133112733227421	0.181691643529866	0.0001733574083091	0.0403080416463386	0.0285123173892995	0.0007031506210037	0.161483245853929
10394182	0.303643173861379	0.0996833423081171	0.172981662659841	0.20638945907262	6.83328342980116e-05	0.0388371113419726	0.015242346365453	0.0001820831531506	0.162972488403169
10395197	0.346659174688062	0.062775117040656	0.134559213712532	0.222889459446331	9.12396227038159e-05	0.0414372109944405	0.0135409256499628	7.60947945203898e-05	0.177971564050792
10405008	0.272123549191189	0.0364636956996871	0.14387325510025	0.316433604144077	0.0011608120742732	0.0431904984666662	0.0202100347940459	0.0001051105912907	0.166439439938521
10424475	0.251217726306553	0.0382813692427851	0.149597458243565	0.310724184850982	9.10907643881386e-05	0.0666985452967361	0.0179613787003663	0.0001168813928801	0.165311365201744
10433070	0.337236249781026	0.0776911529788623	0.11584617773757	0.236197447850948	0.0001111755801944	0.0426153535644301	0.0157761327067709	0.0001944728030941	0.174331836997105
10435090	0.350211367488411	0.0713775085862675	0.147208510103166	0.211000371008159	0.0046052634037181	0.0331066152875775	0.0089349562536215	0.0002249306975746	0.173330477171504
10436131	0.348228947637176	0.0896345989002018	0.141903947816835	0.211521744328772	0.0011657979064486	0.0251037996414169	0.0065506567438467	0.0003867122042318	0.175503794821071
10447620	0.360079648228184	0.0475104032101178	0.104257951097023	0.252423720798076	0.0002379175959691	0.0387566090958918	0.0151901819251639	0.0003717150540511	0.181171852995523
10460587	0.313563109528699	0.0664168144312718	0.178271236622215	0.23891932162412	0.0001581858864612	0.0310727513219872	0.0141656625890119	0.0002976800929433	0.157135237903291
10473384	0.250446647939077	0.0325657996636793	0.180574511049773	0.297369291879764	0.0002263120954797	0.0467101765195044	0.0207761406718109	0.0001228507632774	0.171208269417635
10478041	0.371867322074528	0.151202267013777	0.125164660153988	0.159853826639583	0.0006650636632281	0.0252743244383991	0.0077654806929562	8.95865120976239e-05	0.158117468811443
10480383	0.29600513445942	0.0266195048517816	0.169670695996895	0.245399582147155	0.0001541604049063	0.0510730988543658	0.0175293506636843	0.0023134087741896	0.191235063847602
10490993	0.403328158107056	0.0980970207205203	0.114187578949352	0.167598952625848	0.0012259378436563	0.0266937852171421	0.0138825012889159	0.0002469983678638	0.174739066879646
10502798	0.244236028706985	0.0141074576803315	0.128967209611286	0.336651430523286	0.0006016124723351	0.0451328849326975	0.0377507376638684	0.0006678481826588	0.191884790226552
10510090	0.225055827829861	0.0001578720323067	0.212956448220199	0.262788724802558	0.0048965168182349	0.0580996393077797	0.032042374939184	0.0012200510878242	0.202782544962052
10516762	0.377404437381562	0.0740804272163478	0.140024000494763	0.191254496021242	0.0001809197294466	0.0357206643031623	0.0136929437717663	0.0001354703102769	0.167506640771433
10518782	0.34460571160822	0.0906398302560123	0.137683348583561	0.217689758800685	7.2193630642808e-05	0.0240772763994275	0.0123909828121556	0.0001373736694567	0.172703524239839
10536568	0.376904204896645	0.186453568638307	0.0881630875632119	0.168544662344337	9.87172470723127e-05	0.0275461521984413	0.0055502611165341	0.0002290896874199	0.146510256308032
10551157	0.324720726809717	0.0535069719678877	0.193826291066608	0.192056087853756	0.0034115096682506	0.0376173000127212	0.0201362620566318	0.0006803875644468	0.17404446299998
10557081	0.370763627948116	0.0955412830984253	0.157202057362919	0.169968075593926	0.0020898812006791	0.029833942510012	0.0117504990572959	0.0009041436564066	0.16194648957222
10577337	0.268804740840717	0.0298517014426415	0.150094846083382	0.294853583923552	0.0002760183193311	0.0328340954657269	0.0328965013239559	0.0006994014518047	0.189689111148889
10589255	0.333935756706159	0.130119210213195	0.208603678899701	0.131092350287546	0.0045453887496777	0.023184850680817	0.0168701423310367	0.0029704306415982	0.148678191490269
10669174	0.210445032847078	0.0004000683500199	0.151184387844596	0.346458971843044	0.0026996077627724	0.0627811737371208	0.0453528626233812	0.0001271424306431	0.180550752561343
10684501	0.289268050272516	0.0563601973294992	0.159627396437926	0.269795768860553	0.0002209658801215	0.0366567771123354	0.0168073373416221	0.0001360974143128	0.171127409351114
10850171	0.265973459591991	0.0433033852920844	0.212976100260283	0.225898451914553	0.0025534470928326	0.0372335924152721	0.0331829397384427	0.0015192687179978	0.177359354976543
10866165	0.320316664850288	0.0868116204693111	0.149148596805485	0.194036813538617	0.0001518165818508	0.0578757564449434	0.0211790579534806	0.000159198495761	0.170320474860264
10885370	0.284493073600264	0.0338473950146342	0.141191593708073	0.265280491765884	0.0019340368115728	0.0557989227501922	0.027601119841198	0.0006242382056185	0.189229128302564
10901987	0.350985674568579	0.0868183842788906	0.157724413810685	0.147308010473477	0.0002717784530619	0.0489215858517017	0.0199353307353603	0.0001821277830883	0.187852694045156
10929637	0.333738004970893	0.0610191973145018	0.175676911278895	0.173449832764001	0.0036464383187414	0.0562026992097892	0.0161536986651092	0.0005185354606116	0.179594682017458
11157783	0.242480823856542	0.0130730284096458	0.21022096695867	0.289013480890853	0.0004080667264783	0.043016527324836	0.0301487609523051	0.0003363313191547	0.171302013561514
11165535	0.312402193180634	0.0483976206573748	0.153319581746777	0.230828377150411	0.0006767233171554	0.0450002262406111	0.0283300506008012	0.0002792056698857	0.180766021436349
11200645	0.317414657439777	0.0661575374755874	0.202971218478666	0.197160046103709	0.000285273762403	0.0320016155993524	0.0234960368995795	0.0005215970853939	0.159992017155533
11259716	0.308050910143824	0.0457105945074635	0.175703577758093	0.257213176137351	0.00392851554776	0.0306453643874279	0.012068059785603	0.0017211969365683	0.164958604795909
11302830	0.283376754934219	0.0365013929937285	0.15508879949844	0.253942030860187	0.0011305784462348	0.0504478319840722	0.0316378891956917	0.0004252630821547	0.187449459005272
11310844	0.349109088858922	0.0577849797676852	0.145829196506535	0.201008552244997	4.60206202595346e-05	0.0501613908837788	0.0109468334716536	0.0001514920833781	0.18496244556279
11319389	0.26931280579165	0.0399965771541317	0.195337879799348	0.274885398341945	0.0002906821983405	0.0378224612051982	0.0259094896614876	0.000462620594625	0.155982085253274
11326252	0.316010794218531	0.0971704055539883	0.158247130328023	0.208792552619534	0.0004302783979527	0.0397040689687392	0.0126834809066132	0.0002234670655696	0.166737821941049
11327005	0.366547604176325	0.100717328878172	0.123749707190742	0.189277713206267	0.0004266693665605	0.0344810741811349	0.0140825183456853	0.0002499270992303	0.170467457555883
11331231	0.36546224951738	0.136104451450825	0.163825676328716	0.130527713226956	0.0031617092716346	0.0267373045278653	0.0194339401680812	0.0025460405900097	0.152200914918532
11336574	0.318947139968193	0.0892339021609073	0.122502459201899	0.237783969024803	0.0001418733569811	0.0403850682959136	0.0223384827604653	8.07240977121292e-05	0.168586381133126
11342432	0.315973842816757	0.0396926204728957	0.153037874203404	0.254483644737428	0.0018263544243058	0.0462050489576836	0.0157758967954823	0.0002971507216653	0.172707566870378
11345331	0.324443672815286	0.0477341134178006	0.170612225095199	0.232427507345655	0.0068873589131833	0.0323208754126954	0.0150115290623425	0.0017584662288873	0.16880425170895
11349119	0.354692076596221	0.103133096286927	0.14590609354104	0.160457323086585	0.0002297181406362	0.0315553989066188	0.027010901788057	0.0005103260266243	0.176505065627291
11353057	0.313603723535236	0.012130186372419	0.190280742024611	0.222576367572678	0.0084177139664663	0.0456749569632459	0.0172136491243889	7.47667118675112e-05	0.190027893729087
11395417	0.365846392202164	0.138649874548104	0.122187906060587	0.177859898152892	0.0011833903017492	0.0236656595093193	0.0111140458136439	0.0002633666944952	0.159229466717044
11399321	0.315891425781651	0.0436491690999811	0.109384136687499	0.300439946476662	0.0020446384391662	0.0421695231317725	0.016899758503419	0.0002724376855558	0.169248964194294
11409232	0.301802081792058	0.0595954961887625	0.119596403413768	0.273188300044069	0.0005589934601843	0.0443580204927821	0.021453480116207	0.0001979079237438	0.179249316568425
11413170	0.335277566902435	0.0567276756707912	0.112669229701686	0.281804459162594	0.0001033429010867	0.0339687845438297	0.0087987959315257	0.0001534593278726	0.170496685858179
11430815	0.310061220585755	0.0701664396628217	0.167948225386142	0.225923683865684	0.0003085133767988	0.0350354161737618	0.0169029781154775	0.0013907486195931	0.172262774213967
11440263	0.36234350330962	0.0865549455814004	0.0813370490940808	0.207168098577596	0.0001347243727891	0.0593919213054385	0.0154252818157058	0.000246409513837	0.187398066429532
11444465	0.385243042412206	0.0660376925202039	0.160677573059216	0.145524841059672	0.011678305011825	0.0426416349674863	0.0164252294199501	0.0027662065739053	0.169005474975536
11453772	0.34598379643571	0.0512455226726871	0.161962833951323	0.185521421681731	0.0201599773230886	0.0334549067060871	0.0123302253956263	0.0030566205669938	0.186284695266752
11455530	0.236850626871586	0.0225248559604388	0.129619929209162	0.344845574375554	6.78390473428305e-05	0.0631003632257124	0.0262485933244458	0.000171736503643	0.176570481482115
11460357	0.33264680066701	0.0704442469810527	0.120775220731959	0.219666397965654	0.0055120291572641	0.0514941291247504	0.0465250366535048	0.00189472972712	0.151041408991685
11464261	0.380920515559871	0.0783220029222139	0.121017806805093	0.196981096124315	0.0011684803174522	0.0387938911180997	0.0101756158520015	0.0004554955685139	0.172165095732439
11466579	0.336049340054962	0.0797039078531233	0.169801158612775	0.202540982365942	0.0006282726540079	0.0358400353929057	0.0150820614796838	0.0010689437737138	0.159285297812886
11467746	0.302620221995258	0.100161572687079	0.145124616653788	0.208794974528378	0.0001079855163706	0.0544559645853095	0.0194298419022526	0.0001603620104839	0.169144460121081
11469504	0.359945491930629	0.086591878608996	0.130135866502912	0.192809270639466	0.000360510587052	0.0405078808664635	0.0190465456348423	0.0001962685322545	0.170406286697384
11471260	0.387648405498284	0.193529983879527	0.181592647864278	0.062018790053208	0.0001158959135955	0.0184404784674697	0.0026982567111528	7.82580305875527e-05	0.153877283581897
11606935	0.306082053922246	0.0724932678842473	0.256986586631644	0.150425923376666	0.0003100172570061	0.0327049775406216	0.0107983806786998	0.000383453155957	0.169815339552912
11615242	0.359717292484277	0.0955549404546647	0.144874802224565	0.178753199147551	0.0065216340328975	0.0235074710332117	0.0212948302103454	0.0017219139895246	0.168053916422964
11616707	0.322587188468615	0.0362142677096745	0.143862631017707	0.255344035711564	0.000109567923648	0.0420095712618349	0.0230419647453363	0.0004184935625779	0.176412279599043
11619606	0.241175843703417	0.0081604074104852	0.212119475855978	0.274154819788049	0.0003223280276427	0.0502298181723712	0.026856366092607	0.0005639144161967	0.186417026533253
11624423	0.347428743830046	0.0899749302233503	0.139439637939948	0.175541642752327	0.0006241821670226	0.0537930785813776	0.0194986278280764	0.0003572682053456	0.173341888472507
11631558	0.296078043342133	0.0351399428070642	0.171081316075802	0.238723596164183	0.0014820973275828	0.0608098372459124	0.0175423142810868	0.0001159424374724	0.179026910318762
11632851	0.317569502055942	0.0791885446172765	0.149733004128783	0.221592310916681	0.0002115639577414	0.0366308484169523	0.0183362692766633	0.0001900096439797	0.176547946985981
11652071	0.351679479036104	0.0883453016395694	0.152268029659356	0.188574694107982	0.0001581628267918	0.0404680608001499	0.0110594316112622	0.0001700858615232	0.167276754457261
11681508	0.270681512377862	0.0244652047197729	0.194242040150224	0.255556839858462	0.0001697423351929	0.0561048229074028	0.019925664534117	0.0001140112714151	0.178740161845552
11697592	0.348370259462367	0.106807463355007	0.170985840220491	0.182996564386536	9.66065817949879e-05	0.0259877842071573	0.0226465062245595	0.0022767235460138	0.139832252016074
12365619	0.295904958835493	0.0538000930360777	0.211572324428551	0.193550499025394	0.000293608752903	0.0455021182079321	0.0251398539919954	0.0004590226893883	0.173777521032266
1243685	0.342483794023313	0.0873264012871825	0.126717253341451	0.22046646952866	0.0004972239367517	0.0349857240390847	0.0185774093525217	0.0001143822784846	0.168831342212551
14184286	0.283967464742515	0.0243388228073843	0.227762994214194	0.22003909092354	0.0014512892775184	0.0451276773220959	0.0209942541927771	0.0003857327351574	0.175932673784818
14498577	0.35940423092937	0.155663164416076	0.134068430153267	0.136193001282473	0.0001784736034382	0.03318698114429	0.0122175820652858	0.0003618960527149	0.168726240353085
15113169	0.315272107879506	0.034874935704108	0.159128968105785	0.239516074107587	0.0002647725289473	0.039795888581789	0.0203583180054582	0.0001467000384091	0.19064223504841
15114174	0.344925585398199	0.0744188494974716	0.148354956762682	0.178507619831562	0.000114853885564	0.0532860110246012	0.0128601581324093	0.0001322122417526	0.187399753225758
15115927	0.323704868125771	0.0856798458141079	0.148342547217494	0.20933181056082	0.0001078019748978	0.0418422672984745	0.015337412969852	0.0002399374736036	0.17541350856498
15121461	0.312539165967163	0.0339285694641577	0.202546000127895	0.211151927695543	0.0004032534858136	0.0438762015174264	0.0217790284712089	0.0004343083356943	0.173341544935098
15138884	0.334393285972737	0.0755485244537702	0.168286211925383	0.185457951753573	0.0001231956075535	0.0389683821465965	0.0199412716426869	0.0001848280177013	0.177096348479999
15144878	0.326204467345882	0.0878023210923325	0.139026755459118	0.233595463715814	0.0004536649209675	0.034532297699973	0.0169008047165106	0.0014476703300314	0.160036554719371
15161351	0.347442346468931	0.0989390809997356	0.139843903127204	0.212406077330547	0.0018046460806654	0.0247487999881249	0.0187143559393924	0.0002782984753268	0.155822491590074
15176592	0.367020920564311	0.15784385068882	0.120432609911785	0.160594158971113	0.0001174940903744	0.0380361435651603	0.0111583914035056	0.000179797859156	0.144616632945774
15218541	0.317475917785032	0.091470987658879	0.158838842344942	0.211233688143073	0.0001452514676469	0.0328768780416428	0.0185507448497211	0.0002938153603059	0.169113874348757
15387421	0.332612582181551	0.0509648778961633	0.195605452733491	0.190569715572971	8.53686508525197e-05	0.0333199650998572	0.0188594167781401	0.0007286785366533	0.177253942550321
15420223	0.314233954161111	0.111885874203557	0.142899939860046	0.210493262244519	0.0004114303241209	0.0354079187714706	0.0161625936305827	9.85230519175584e-05	0.168406503752675
15495024	0.267206243423023	0.0342598068470327	0.208045071821804	0.238963647541363	0.0029418848526472	0.050802380438178	0.0221872368641662	0.0001727249395522	0.175421003272234
15712086	0.329145538654531	0.0927566917081909	0.151639125463676	0.197729620837439	0.0058928170060994	0.0405109579078682	0.0133977142257583	0.0009227693649538	0.168004764831483
15738428	0.31721762506367	0.0710386948172498	0.166898116269185	0.195461438002457	0.0006000254459594	0.0559449720395525	0.0172696278482704	0.0009854377839528	0.174584062729703
15844425	0.368886942842354	0.123183660134839	0.109966785661093	0.18502831542865	0.0001998738008833	0.0302092170538539	0.0170910463298614	0.0001712948596867	0.165262863888779
16513683	0.29761511091338	0.0168803965139696	0.180490296294914	0.238157800926307	0.0002025142201147	0.0643876438202534	0.0265144280706308	0.0004702735760455	0.175281535664385
17219510	0.270710885056753	0.042142190979219	0.153173263969119	0.271018604826567	4.36251349396406e-05	0.0537937558423726	0.0218766937184719	0.0001703055037998	0.187070674968757
17929065	0.331008543342889	0.09839424807959	0.158300936466444	0.168998421581491	0.0001998549724888	0.046155683675081	0.0283899613931331	0.0005440715415007	0.168008278947382
18414513	0.283113502445643	0.056623969796458	0.165592805301803	0.267112194238114	0.0001705900341446	0.0354211160123132	0.0166440359527806	0.0003272217423661	0.174994564476377
20102505	0.320622559674516	0.0627345365672577	0.211091193107896	0.197923161689471	0.0039600621830419	0.037275639109682	0.0133556634569699	0.0022431693179264	0.150794014893239
20104101	0.295058980930335	0.0228308437761924	0.166580447996558	0.255827776198256	0.0005716983659944	0.0477345281364132	0.0289620443807175	0.0003380599160123	0.18209562029952
20105242	0.372049847605221	0.0880865788383016	0.137041330635408	0.168304880806926	0.0093893148015357	0.035024054792929	0.0213221629310467	0.0005650263435104	0.168216803245121
20115276	0.337736486741963	0.0702982998580294	0.13007937148604	0.219458510681822	0.0002296688178677	0.0373411650187136	0.0213254371813275	0.0001404748772137	0.183390585337022
20120255	0.387501916180123	0.0796237132272844	0.159079129874551	0.151777376294282	0.0005278576506182	0.0431401212758566	0.0103739671539134	0.0003810975469294	0.167594820796442
20124321	0.301489600567523	0.0675835954632631	0.177236776185042	0.227612611504282	0.0003189396612889	0.0334170145255892	0.0197355457983004	0.0004138383950157	0.172192077899695
20139562	0.28481977383459	0.0533080217234791	0.160210773832626	0.268195329980719	0.0004013028474198	0.0434516595733284	0.0196996090535274	0.0003790209549525	0.169534508199358
20139850	0.34421607260871	0.126598773920507	0.124409037556792	0.184918660288291	0.0004028952550731	0.0365490576811763	0.0116754156459889	0.000144898299219	0.171085188744243
20143248	0.287354257431066	0.0267630559092692	0.238373349729371	0.198775459385811	0.0057070939932911	0.03527646566934	0.0338024611057131	0.0032772138694714	0.170670642906667
20147026	0.376857509096395	0.155568161352133	0.124490252512768	0.15478094638672	0.0001309721228188	0.034229442758031	0.0081772798151158	0.0001755499465058	0.145589886009512
20147440	0.309300034129772	0.0575300759988879	0.178461133895461	0.252013399353983	0.0009907415283841	0.0341853244109022	0.0131673502964047	0.000766197394374	0.153585742991831
20148879	0.368690689046886	0.102113215808459	0.14204042632126	0.180889088847502	0.0004401427373531	0.0338371315339174	0.0114214241822856	0.0004065644042915	0.160161317118045
20149910	0.338635880850909	0.0716448514261865	0.126789221683216	0.204371871081571	0.0012033103171858	0.0522983772340438	0.0145074289141094	0.0010387064316267	0.189510352061152
20151388	0.2954657697776	0.0602498470112272	0.195869450837891	0.256074991009478	0.0001176547906346	0.0189545849144688	0.0174165063351999	0.0002177965159259	0.155633398807575
20152393	0.36477195141643	0.10581750460451	0.167852680235377	0.163038385968823	0.0001496914452619	0.0249663742762043	0.0141874077565322	0.0006224700189956	0.158593534277866
20154287	0.342061688638364	0.0548178821834272	0.157784703618132	0.183351545437107	0.0002643969849594	0.0538435628301683	0.019397957562046	0.0002675799731753	0.188210682772622
20156469	0.274762249741635	0.0460670825596389	0.178499071109243	0.228253708067418	0.0001311406401715	0.0633379758719299	0.0203425298395671	0.0004203385250026	0.188185903645394
20171508	0.329893668369534	0.0898903725963875	0.168116784562455	0.193463130499247	0.0001335825241724	0.0361785845842418	0.017941403423285	0.0007601726797683	0.163622300760909
20173942	0.353180015468246	0.0791293410281787	0.167296677757168	0.15652212374831	0.0001172960338927	0.047126703044543	0.0212280852725633	0.000327996727124	0.175071760919974
20174533	0.264699765086415	0.0105183743181014	0.188928602441401	0.283917570678746	0.0022822861877125	0.0463559931647304	0.0217571891041032	0.0005935286282043	0.180946690390586
20177982	0.334487760514067	0.103754868905567	0.191853522199117	0.138714756524499	0.0002888873693163	0.0431646247539522	0.0139367614867721	0.0011430199928914	0.172655798253817
20178447	0.308650555348776	0.0512374007314225	0.176588284638924	0.185185083396784	0.0001566663001935	0.0777745636296776	0.0240356118974611	0.000200300402237	0.176171533654525
20179164	0.298277079748479	0.0727125384141959	0.130469990065899	0.276609730864901	0.0005581391623636	0.0310606431209969	0.019490798956301	0.0002308620917573	0.170590217575107
20185860	0.32653474424419	0.197619285743356	0.124303718410523	0.160825364329303	0.0001850704123839	0.034796379462602	0.0081401201160113	8.09742468269675e-05	0.147514343034804
20187042	0.3319667606421	0.0838523236513391	0.162298321678263	0.218327763381359	0.0004695405897106	0.0301382614076708	0.0134941397756267	0.0004813674860365	0.158971521387894
20195344	0.29716265523614	0.0619808952045473	0.21831464942254	0.207035694249214	0.0007610529480263	0.0347430228271885	0.0160715027994955	0.0005841339567707	0.163346393356078
20197364	0.3318975419389	0.0802231949285201	0.156097815815725	0.170532790930296	0.0014390674479113	0.0456007810006893	0.0235230527613806	0.0006734691328321	0.190012286043746
20201189	0.289583789998283	0.0496974639083602	0.160987989208704	0.212819169128534	0.0002307020893687	0.0871164557923176	0.0212157515652722	0.0001546902576126	0.178193988051547
20201927	0.320225163990681	0.0605858706815749	0.146766340812341	0.220630851131798	0.0001122203671189	0.0499331185757344	0.0336088600969075	0.0001201123254758	0.168017462018368
20204538	0.32305579655869	0.104023374991545	0.1495762459245	0.213613938795412	9.24236773200488e-05	0.0354604582830679	0.0108403889215517	0.000233667049858	0.163103705798055
20205705	0.31342250433027	0.0635832546394164	0.199727804766487	0.213420996354776	0.0005093940911867	0.0222713838030496	0.0191220424805713	0.0007421836719989	0.167200435862244
20207013	0.299465862472812	0.0224582273645738	0.180050255247093	0.246350483759344	0.0097591556152134	0.0380994167956022	0.0233191500370186	0.0017632412674427	0.1787342074409
20221273	0.277447082956012	0.177215544347581	0.154649141732822	0.196782847714108	7.06534695804288e-05	0.0326343912400192	0.0093080442458553	0.0001498724197257	0.151742421874296
20225925	0.360074860892766	0.17475724029643	0.155496765811174	0.131905102910089	0.0003119704781787	0.022878214607123	0.0094604438719426	0.0001411235814094	0.144974277550886
20232474	0.335392298816974	0.0590721211369849	0.167044740415183	0.206817112353513	0.0004920706300322	0.0487123372131456	0.0111329274281868	0.000206389932664	0.171130002073316
20233939	0.234444004311011	0.0104988652329539	0.201787609651968	0.313559439433352	0.003486748954498	0.0427721097139196	0.0204765984100284	0.0004117379316155	0.172562886360654
20240514	0.332997992772349	0.0604139404981599	0.145318156933168	0.209484604126964	0.0058408518590224	0.0440150475644431	0.0206690908319808	0.0003951458281584	0.180865169585754
20242958	0.322855029212804	0.046960592487915	0.190365669047213	0.214041965834187	0.0035003663765917	0.0356780486764217	0.0123523202412109	0.0010671087014097	0.173178899422247
20244554	0.31592765564824	0.133066907395255	0.121165615116519	0.216158220330291	9.51896363209835e-05	0.0431441768599391	0.0139226434213748	0.0001714944414777	0.156348097150582
20249897	0.325965439681854	0.115387016982898	0.188177207957956	0.181136986639601	8.64328562452976e-05	0.0283511349665693	0.0061566801952668	0.0001138741930735	0.154625226526537
20251553	0.284480212754004	0.0610207469325934	0.229833206801224	0.18039956668382	0.001213723161918	0.0467346819624056	0.0226377120524358	0.0002684204898227	0.173411729161776
20252720	0.328272314764073	0.0883577411032319	0.139583610141341	0.214190026713927	0.0012262356959624	0.0443927327330497	0.0132113980430295	0.0001983929324058	0.170567547872979
20254164	0.322565236200151	0.0436495185982336	0.118530671241211	0.275089097794652	0.00152984015677	0.0546107017447578	0.014931638608028	0.0002191014145139	0.168874194241684
20254876	0.283290798957937	0.0189350904586452	0.185953034332741	0.255462434091746	0.0007504104861456	0.0516062937080293	0.0297952976738453	0.0006924445672587	0.173514195723652
20254902	0.292925401922444	0.0411696662451797	0.213268264376537	0.221420904977518	0.0018540899096609	0.0375650501758961	0.0171712085040773	0.0007836779287276	0.17384173595996
20260284	0.282587420111062	0.03558427958818	0.163864770382755	0.276311939343588	0.001050536449084	0.0380651483037977	0.0202762852163792	0.0007923302095291	0.181467290395625
20260734	0.253791507119223	0.0205860204915505	0.202325721249102	0.297059566426627	0.0034758895823661	0.0299007959553339	0.0243651609271646	0.0005897253499793	0.167905612898654
20261901	0.366527091684882	0.0380237530296261	0.132098822142495	0.231116714336851	0.002712544167717	0.0272392447413651	0.0213091331627482	0.0017535237140812	0.179219173020234
20263921	0.247520930300807	0.0258080715342811	0.201499712565126	0.278423040396433	0.0071383254804004	0.0340205211447105	0.0246627147107508	0.0003596260066261	0.180567057860866
20264936	0.389882917310239	0.117289513416266	0.122269624887062	0.15124706401761	0.0002886802968784	0.0350306674974243	0.0091255760682478	0.0001381121046752	0.174727844401597
20267709	0.212070414263804	0.0066994434882808	0.150752439627425	0.315018797226111	0.0007952056497016	0.0609561376871832	0.0634475088012433	0.0007324374121599	0.189527615844091
20270768	0.349480620742395	0.0973037697255638	0.123617055996059	0.195734436450385	7.46870087247692e-05	0.0428879234274979	0.0228259647603334	0.0001460780455703	0.167929463843471
20270920	0.380694463224626	0.145948405437905	0.131808154984063	0.151229360573266	0.0001605212237523	0.0221904243244085	0.0095631018640015	0.0001577628537473	0.158247805514231
20271359	0.367576323608993	0.127422672196381	0.152081036469243	0.151687350544781	0.0006646104446124	0.028913430571642	0.013250506677348	0.0002325241148599	0.15817154537214
20275399	0.311810898774882	0.0515364181751157	0.166169660695027	0.259549278718955	0.0010357002635611	0.0301459049145749	0.0151939153573783	0.0002294864717098	0.164328736628796
20280666	0.301881993035182	0.0621782610795252	0.120144657493373	0.263865344285378	0.0003198693500348	0.0475715381620453	0.0286753512062724	0.0001705357602523	0.175192449627936
20297791	0.331370112009673	0.0758969105969123	0.145324527373175	0.228128151570131	0.0023809774988603	0.0333204373692112	0.0158467961500466	0.0006165421175484	0.167115545314441
20299973	0.332128204781637	0.0364330760513193	0.190352571485513	0.190676962396836	0.0002427944471521	0.0471366360535079	0.0235497377031462	0.0010169099113736	0.178463107169514
20311676	0.33867670911124	0.055762527522753	0.168239552940336	0.192242459332299	0.0024121312086375	0.0438195382424591	0.0120009256968538	0.0006791565073355	0.186166999438086
20344143	0.325828582248775	0.0464902295027358	0.164278097590429	0.204862023000547	0.0001617604048554	0.0533314051774992	0.0275461115723606	0.0005880170939235	0.176913773408875
20358955	0.385783435821787	0.12645586095069	0.142851509158749	0.14518346428146	7.9628279055812e-05	0.0331818843430746	0.0088378601292724	0.0002905078480583	0.157335849187852
20365116	0.255289369518052	0.0094213979702102	0.144421571387671	0.283374258602744	8.86673019514698e-05	0.0869218629298762	0.0274940118075243	0.0004088089062493	0.192580051575722
20376029	0.277625470816314	0.0272958967992775	0.157149407752794	0.213330551826979	0.0002114390938157	0.100839734436642	0.0272818346064529	0.0001457157515939	0.196119948916131
20390027	0.323472771873087	0.0278337608608978	0.196236228248162	0.181975016301392	0.0003240898075879	0.0646342682865813	0.0347278933486844	0.0007204370498835	0.170075534223725
20399274	0.304658081133983	0.0581290104923326	0.157273077263781	0.23572707605038	0.0087661823659943	0.0457795091306061	0.018596660500931	0.000497702051222	0.17057270101077
20416210	0.315153428420303	0.0737595925491637	0.139302566447178	0.247271225233213	0.0003016691202993	0.0370520318131243	0.0209474391534929	0.0003236455337226	0.165888401729504
20431359	0.272439832129731	0.0002371506306335	0.182986863898721	0.297130931124104	0.0100840730872746	0.0278622539071441	0.0332584185852284	0.0011066306218845	0.174893846015278
20453625	0.37330654323633	0.105788148286771	0.172982924245152	0.150748799766098	0.0001500991028804	0.0272190243439489	0.0080640631464602	0.0002188133969356	0.161521584475424
20455807	0.272121794922683	0.0215002180735262	0.185833285659366	0.295321045965215	9.19588112154826e-05	0.0497406397119318	0.017865614519868	0.0001921649842618	0.157333277351933
20487369	0.380942524532725	0.0860878505020743	0.11961848704793	0.190609043879772	9.83348324097937e-05	0.0379769997854805	0.0144080027319908	0.0002171129176389	0.170041643769978
20494368	0.306425224751786	0.0449411514009927	0.139548783918019	0.255113570741447	0.0005109588620268	0.0497655947656678	0.0176014237971463	0.0001905147399323	0.185902777022982
20500815	0.399608794965601	0.165895756797911	0.0813849452105729	0.124463936170113	6.95460021248475e-05	0.0316263019511514	0.038445308786329	0.0001655242966952	0.158339885819502
20501668	0.33650452932808	0.0712809972555506	0.135025409652983	0.217512534915016	0.0006498268230766	0.044869652495648	0.0208520036014493	0.0002957782624234	0.173009267665774
20504017	0.344709213639005	0.0692770269270502	0.154695384901995	0.214132487207641	0.0040343910381264	0.0327983831995315	0.0164224503641035	0.000561733049538	0.163368929673009
20521752	0.335086801404112	0.0731036386657377	0.128098053744536	0.248161273896062	0.000806519556619	0.0383837184652068	0.011186743778447	0.000466005834405	0.164707244654874
20532115	0.358230526736059	0.0408314233371881	0.16201504408701	0.19144310972536	0.0049038986028494	0.0410771125562538	0.0172676899130611	0.0015384068806365	0.182692788161582
20559562	0.316107402618894	0.0484884059592322	0.158011335520166	0.244513485621428	0.0001411940186384	0.0385566839761864	0.0157079018505639	0.0005425540493436	0.177931036385547
20561642	0.266711876178963	0.0160732038401641	0.2441924314456	0.210254222671275	9.70273843815363e-05	0.0571927133068767	0.0238015062888755	0.0001538284540779	0.181523190429786
20569910	0.304908503093019	0.0833865743557826	0.14421220281529	0.209836925344359	0.0010297269953537	0.0549765004941172	0.0379980937654119	0.0001555413610493	0.163495931775618
20583594	0.376092846905512	0.114336237807068	0.126566048792679	0.198389196282207	0.0021626251519242	0.0239742626438422	0.0095431501019652	0.0010470070065356	0.147888625308267
20584923	0.240662951423306	0.0211491097931778	0.175681445011962	0.333058029155075	0.0012410490072225	0.031579068863814	0.0282049919805171	0.0007604297843738	0.167662924980552
20594407	0.376848458510733	0.0985955667563451	0.147398302740338	0.176612127713949	0.0004526719161796	0.0259067197432947	0.006062065782114	0.0005317960385666	0.16759229079848
20602974	0.317781405710311	0.0982403713177374	0.131485833325645	0.221386950924757	6.60013538046649e-05	0.0449062746673606	0.0137676279379018	0.0001627249802924	0.172202809782189
20603141	0.288112792892186	0.0317904330156057	0.140297411083588	0.261821803406671	0.0005374111975653	0.0642528147623457	0.0234803069915751	0.0004206059913082	0.189286420659155
20610726	0.351687223175705	0.0510326462004399	0.238586091335045	0.157558098984954	0.0053240122277029	0.027192841565603	0.0126905234246352	0.0008886562606174	0.155039906825297
20611993	0.336442980926803	0.0685596371651111	0.119568875688138	0.236335476727366	0.0044434061745568	0.0413542228288486	0.0136739320945034	0.0002072430235055	0.179414225371168
20630946	0.360100097177185	0.0956152910675884	0.151648231085339	0.189410490499918	0.0001559753659445	0.0271076678539444	0.0117891458192455	0.0001169546886724	0.164056146442162
20646778	0.327338021594165	0.0659988330314933	0.193697781905535	0.175500196664974	0.000199324305888	0.0406414168525104	0.016866316430692	0.0001213104845928	0.179636798730149
20656964	0.341859614166267	0.0993325763900657	0.115380374162945	0.226026834691421	0.0028257157983998	0.0299361929473747	0.0177003384147799	0.0017660861390844	0.165172267289662
20665307	0.32770401213705	0.0975994301586054	0.169870227102424	0.198682889272939	0.0068581628021945	0.0343348193406911	0.009982238997504	0.0007998187324308	0.154168401456162
20674902	0.288819481078072	0.0299042420945701	0.186696349574665	0.266815315058925	0.0002605758776231	0.0258431761467939	0.0211629834591984	0.0001708150306711	0.180327061679482
20683921	0.300645021313773	0.0622421944672096	0.130479346792882	0.199868665402233	0.000409739817988	0.087034311399902	0.0402563092487018	0.0002150042751677	0.178849407282143
20706215	0.211011623237296	0.000100928792318	0.189616675549174	0.279563190014617	0.0092758541856604	0.0727591590764357	0.0465138309079308	0.0022219367332765	0.188936801503292
20726273	0.337848770923675	0.0533462868708442	0.164598964642736	0.211775451819598	0.0026285682045584	0.0390790060641365	0.0157167777840954	0.0002152434623523	0.174790930228003
20730959	0.329718796226089	0.0779981225666202	0.141796774147684	0.219129820263904	0.0002018100988696	0.0442262551757085	0.0138503107398422	0.0002326820375021	0.17284542874378
20767628	0.364258112451134	0.271056710075444	0.143319733094424	0.032259082280869	0.0005296057108447	0.0186464646741826	0.0085939770741885	0.0001111127226935	0.16122520191622
20774339	0.345132433500787	0.0971402142567706	0.152805245939584	0.199550442728709	0.0019893435223409	0.0270567769661505	0.0135888823641941	0.0004285402421132	0.162308120479351
20779834	0.258450102301831	0.0058043353817001	0.145786551821393	0.306995200344923	0.0063576994734062	0.0556257540760187	0.0261783802275797	0.0011716212311653	0.193630355141983
20780035	0.282921286885228	0.0367207673564507	0.165018694060613	0.284828289838918	0.0014628524437838	0.0304133989528454	0.021298657025341	0.0004392020373069	0.176896851399512
20798913	0.254867010668511	0.0087352285577816	0.232279961259152	0.197842687852196	0.0001435845859664	0.113029063852597	0.0207610316332087	0.0007745721762833	0.171566859414304
20800682	0.26175655441791	0.0682434209370099	0.142324549973076	0.179006284193505	6.46155929700826e-05	0.101564383186647	0.0605392546132703	0.0013130188960688	0.185187918189543
20821943	0.318931891428798	0.0709922100251062	0.115655598709107	0.238713836819369	7.56448960943295e-05	0.0462226830891701	0.0219668448111923	0.0001608827228789	0.187280407498284
20834164	0.339045045244891	0.0601235029696979	0.166699975417759	0.204651816276101	0.0021210430044368	0.03251336925007	0.0148771930434899	0.0007200019629419	0.179248052830613
20865035	0.32455047902066	0.04000359662542	0.127300932184427	0.241411684723484	0.0004527174477737	0.0481524718192187	0.0223716495688813	0.0009505238562992	0.194805944753836
20898476	0.333899378142744	0.0308844495505906	0.168466917946139	0.25191557796005	0.0001380172622374	0.0240158721954589	0.0160763747647149	0.0002215326574045	0.17438187952066
20904509	0.328649740811277	0.0864065112580308	0.144138176120182	0.214839170827453	0.0001965942610002	0.0350208391359373	0.0102714390947195	7.99306740070339e-05	0.180397597817393
20906079	0.249963774415205	0.0064220742686079	0.185142634430725	0.339073815871302	0.0069075645543115	0.0224096067377489	0.0197093406835806	0.0006686713180169	0.169702517720502
20906493	0.30329052295922	0.0332488702398091	0.109554121540785	0.260504842311639	0.0002225838190859	0.077081727625133	0.0211251608951693	0.0003012158148033	0.194670954794355
20907246	0.328128528104961	0.0628973693671174	0.132584888266086	0.226571648731061	9.57471154407995e-05	0.0536947996060542	0.0130562986445938	0.0001038464507343	0.182866873713951
20914669	0.336388928562161	0.126486357277116	0.191363395106417	0.126012154885498	0.0010295644820749	0.0387020160515992	0.0120783238404763	0.0005837997327826	0.167355460061875
20922259	0.334676217314515	0.0595327063122248	0.126865008266857	0.269287370588163	7.03800795821661e-05	0.0322895415167366	0.0124391746523582	0.0003171954935569	0.164522405776006
20925996	0.28692289503389	0.0271252604946337	0.184429385032568	0.259766993295219	0.0037748240226791	0.0379029409397222	0.0234176291103532	0.0013541863767572	0.175305885694177
20933324	0.313974246837127	0.073477073129026	0.149974986773304	0.241195971693098	0.0001419487023693	0.0377116545327333	0.0147913158949553	0.0001129590649404	0.168619843372445
20939708	0.36642000780177	0.149874947822661	0.161826123394547	0.0902949746239236	0.0001708765815118	0.0483917668135805	0.0117757265349233	9.02402126572622e-05	0.171155336214425
20942767	0.304065593058916	0.0686907609633309	0.138371514384536	0.237016296668118	0.0001569400755477	0.0594104362664154	0.0226827620306163	9.61825875267059e-05	0.169509513964994
20944237	0.300651124690595	0.121569007433997	0.12714698471042	0.258075138482509	0.0001316324609705	0.0375948705287089	0.0113443779504144	9.86383901660239e-05	0.143388225352218
20945666	0.334614409613672	0.0488245789922818	0.173128688146827	0.221361513826352	0.0003142663713027	0.0415621500672457	0.0207347823085601	0.0006693213535372	0.15879028932022
20946257	0.303621666848534	0.0260719186207105	0.16411153717715	0.255945241626899	0.0016981706797622	0.0490892575110897	0.0134150761661054	0.0015484370956543	0.184498694274095
20946545	0.317763702097854	0.160215931817402	0.123128528192525	0.174856697059499	0.0006495911890311	0.0417423901643214	0.0296541629722683	0.001031609751901	0.150957386755197
20956605	0.301126270325429	0.0864218267591857	0.163968110701649	0.222219182276223	0.0001077696972646	0.0497959293057223	0.0112167245887476	0.0002196199421897	0.164924566403588
20956867	0.368450614276023	0.0970204802844752	0.0843609405036168	0.20612025914323	8.40410236809345e-05	0.0507291091247402	0.0176069385798348	0.0001301700975975	0.175497446966801
20963578	0.279198444658081	0.0561737979659779	0.184437400572212	0.210807203041391	6.13523623878296e-05	0.0538542520426225	0.0309934075325291	0.0002048398999074	0.184269301924892
20966477	0.345632185544662	0.0980731238671731	0.202316674967763	0.143102989215235	0.002163240857888	0.032155482040239	0.0146626353145095	0.0006383082621723	0.161255359930358
20969088	0.357061074941512	0.080218505420118	0.129595429524933	0.189161104533405	0.0023529525405834	0.0366024836781203	0.0301929888159361	0.000156343332751	0.174659117212641
20970441	0.322807111881147	0.0906084970087038	0.14817409480324	0.201251402119777	7.37187501919622e-05	0.0410624428003054	0.0182997846104537	0.0001486776325179	0.177574270393664
20974481	0.310783938297649	0.0962319253203763	0.11349107909085	0.216403830433287	4.96821329160941e-05	0.0374781606425957	0.0504171950990567	5.69040093800558e-05	0.175087284973889
20977678	0.318168581022184	0.0145093078823192	0.168374607605569	0.247076468792946	0.0062986610520612	0.0365057338837294	0.0317864436369063	0.00249982478966	0.174780371334624
20983400	0.324506425811445	0.0903498952237895	0.163201296530208	0.177143673812631	0.0007746595330233	0.0525795773772832	0.018735819660016	0.0001895606734905	0.172519091378113
20989910	0.365038937724248	0.185374805189727	0.126125116284596	0.144934989421906	0.0001079277710803	0.023268485362043	0.0070483826564446	0.000254691509748	0.147846664080206
20993308	0.308111535154451	0.0777619054547374	0.153926663442427	0.237815425936878	0.0003716885662085	0.0391138547486288	0.0129470832005264	0.0002876280087641	0.169664215487379
20996621	0.324913580979109	0.0866796078062889	0.133482605941686	0.225451492006338	0.0001548702447465	0.040546119241345	0.0134262659365902	0.000762485929228	0.174582971914668
20998065	0.453735008831565	0.140962448118526	0.14149850886478	0.0530669117082307	0.0008388615100659	0.0245430416659335	0.0132670639647634	0.0013659075700275	0.170722247766107
21000180	0.311351777900384	0.053154809783515	0.169742882963901	0.246869624032612	9.05646379044851e-05	0.0352711756758806	0.0172490047133096	3.57898737277582e-05	0.166234370418766
21000504	0.29346123694939	0.056183292749777	0.129628131774831	0.263839876421699	0.0007230660217003	0.062901414003866	0.0173132782008268	0.0001177739743996	0.17583192990351
21000630	0.260768510519851	0.0442676845384356	0.136233017591338	0.292008876665771	0.000336377130277	0.0495361998549537	0.0331760293714381	0.0002694805713655	0.18340382375657
21001519	0.336248315087655	0.0688856747455136	0.124412624741772	0.234988427970614	0.0008661686650254	0.0312009418597622	0.0358297317085504	0.000907156602285	0.166660958618822
21001807	0.315872971688718	0.0336384244039471	0.168762182080508	0.204800662574544	0.0006820826990824	0.0714533337435342	0.0195420532450762	0.0003925218190425	0.184855767745548
21001933	0.330141416834643	0.0684911193954162	0.172054773233504	0.196416353035803	0.000118969712129	0.0420729247854345	0.0165879920935434	0.0001149795695303	0.174001471339997
21002524	0.307196279829435	0.020322434250461	0.143062716474529	0.26075666408868	0.0004040417847362	0.0616333710683434	0.0165602049896434	0.0004481388625406	0.189616148651632
21101658	0.288780805678038	0.0709581333703107	0.212382630574863	0.186272589480576	0.0001250224235642	0.0485080949906589	0.0257355452837936	0.0002744057853325	0.166962772412863
21112011	0.369146331633364	0.0780892546062501	0.13947468694286	0.190833869787398	0.0001035427893957	0.0334397588002798	0.0181218868282314	0.0001556075673133	0.170635061044907
21117192	0.377494845154871	0.0989693524990887	0.145616916580012	0.172953208611396	0.0042111850378852	0.025628450754932	0.0127203158939023	0.0011404475100892	0.161265277957824
21126085	0.40082824204744	0.159842166677666	0.109674956474624	0.145558386768003	0.0002238471822635	0.0266763616429087	0.008895189699608	0.0005251378947616	0.147775711612726
21138877	0.344646726794832	0.173625748260756	0.170127913503502	0.145316602606076	0.0002976305300446	0.0251699024937705	0.0045797043310172	0.0013019195281233	0.134933851951878
21140119	0.22355362536267	0.0093390218682952	0.220814769535732	0.295874436243077	0.0021858042687127	0.0407598045817642	0.0223199201908702	0.0002784724904582	0.184874145458421
21155350	0.198721874951742	0.0038062690415166	0.218961807534878	0.288962417218104	0.0001479025996996	0.0675900361385708	0.0339595905126968	0.0004750465275375	0.187375055475254
21157370	0.294556740196059	0.0246971660942829	0.186352531732612	0.194725693325664	7.8453521905967e-05	0.0597530830376613	0.033066551633018	0.0005662890450556	0.206203491413741
21174303	0.316798747426446	0.0789281638642419	0.129935412245168	0.260762129480932	0.0004454251238936	0.0324273212573717	0.0150210820847279	0.0001390136747932	0.165542704842426
21176459	0.371320308276587	0.213050808272922	0.116058659442117	0.118696446357949	9.3187497132492e-05	0.0208007394065375	0.0101933301304022	0.0001871906041429	0.149599330012211
21181988	0.355981157336509	0.0927591023103455	0.130219166140458	0.193307167558401	8.51570511506547e-05	0.0348107097289316	0.0206396453544128	0.000202015998159	0.171995878521632
21183160	0.239740719100538	0.0075124249602132	0.140870187076786	0.261619533829418	0.0006360981141737	0.100808512511284	0.0361965276064965	0.0008875879900296	0.21172840881106
21185180	0.345277124747055	0.0559480186102865	0.145002850765901	0.215785140050447	0.0031488709293981	0.0343773088245051	0.0124763942508865	0.0002282728192886	0.187756019002232
21189544	0.359140472813787	0.116037732533234	0.111533547708809	0.222930966223599	0.0001427418299816	0.0272491743081473	0.0170292718469949	9.84427516091208e-05	0.145837649983838
21191200	0.361811426722011	0.0907079867962877	0.140649947905135	0.208935866621499	7.83606905068796e-05	0.0270596674998648	0.0127420238253474	0.0001782908830402	0.157836429056308
21193068	0.365890259956713	0.18294047822438	0.0904357363221832	0.163128729807309	8.48223329169328e-05	0.0354534433354287	0.0068782021194817	6.01511622174674e-05	0.15512817673937
21232244	0.308177973661898	0.0447198542273755	0.18699803752814	0.23985750376993	0.0001891893408086	0.0376666239438856	0.0138426101347323	8.80964107833501e-05	0.168460110982447
21272396	0.332984177343483	0.0342917501641253	0.179748936530012	0.22057304240114	0.0005758901748881	0.0288523136096976	0.0211336234855782	0.0004057893073135	0.181434476983762
21274280	0.301509420999552	0.0582161502431938	0.118675807742588	0.26311177809796	0.0021609160258031	0.0478182620152792	0.0439929868443458	0.0013729345514719	0.163141743479806
21274866	0.344695612952218	0.114701131728284	0.185734899150646	0.164599746838407	3.39764229489963e-05	0.0235484485205157	0.0107599068063819	0.000486574247343	0.155439703333256
21293107	0.228446757238555	0.0035508235856006	0.155063729100239	0.3365278034091	0.0002820676812192	0.0582833863187408	0.0268836065657362	0.0001778457025674	0.190783980398242
21362537	0.425536466820745	0.162804155660473	0.137851524592932	0.0789103089899234	0.0004094674811931	0.0285138476293724	0.0101500091094558	0.0004019312640079	0.155422288451898
21402016	0.348225267429395	0.124476784743212	0.18861931849826	0.143208989619232	0.0002009902486295	0.0243253261366186	0.0147086800669293	0.0007373220459799	0.155497321211744
21402304	0.300529993345424	0.0537129245965472	0.162129438693333	0.241471827770877	0.0001003964213674	0.0507209618293588	0.016217944471485	0.0001865598992963	0.174929952972311
21403733	0.349088886057175	0.0620865182552287	0.154737044706386	0.208946761473004	0.0069592828790355	0.0340801485210007	0.0164957748172164	0.0021897030812439	0.165415880209711
21405627	0.32895455134157	0.0849611482628182	0.204157621090144	0.150499220061384	0.0022039931328957	0.033247268833367	0.0241639110261504	0.0014680426130683	0.170344243638602
21407511	0.304728394953974	0.0312592126736306	0.171968018914924	0.238199134005828	0.0001925524079598	0.0493412607360489	0.0179931399116399	0.000582695339711	0.185735591056284
21411297	0.27950881835156	0.0294881519591007	0.183013237110928	0.267682661405612	0.0008685558475777	0.0431835235114764	0.0236154498117778	0.0011615799343638	0.171478022067604
21411323	0.352435602975162	0.0940451824292838	0.213602787020823	0.123934160955265	0.0007823267685049	0.0355741424239779	0.0135646391100479	0.0012812558823001	0.164779902434636
21411459	0.291660705881762	0.0401641911053886	0.133764225575983	0.271929542469328	6.28925731641066e-05	0.0531475977282397	0.0243791587308999	0.000137598743086	0.184754087192148
21412752	0.332136015223452	0.0688809756291394	0.113542114822681	0.177162167439117	7.45386454533816e-05	0.0734868484111864	0.0674410612530575	0.0004108285560239	0.166865450019889
21413181	0.314161243298428	0.0301018156683258	0.160863126665011	0.227091573977866	0.0003081105587154	0.0620620374108862	0.0203089265493015	0.0004356199144119	0.184667545957054
22101842	0.321022291387555	0.100063879372126	0.0726818894264167	0.315513172631599	5.48164796098082e-05	0.0278777937191404	0.0119806451054267	3.79072235021761e-05	0.150767604654623
22776575	0.301122886763614	0.070886771651194	0.146102856855754	0.248883604589549	0.0011483229491897	0.0395705890882935	0.0162755103207975	0.0001453535788779	0.175864104202731
22868024	0.27692217143851	0.0617963309153128	0.137179777925675	0.293445981015884	0.0003498146347096	0.0370011498607782	0.0178973834848284	0.0003248143569856	0.175082576367316
23004922	0.297221044797081	0.0390707746134615	0.185549057798451	0.223861470984227	0.0013495669439542	0.0437648887681627	0.0216095440624113	0.0008118647856475	0.186761787246604
24039289	0.27952406914821	0.0029958519663582	0.185741884864609	0.289853686246469	0.0037850471080732	0.0317400511178927	0.0160736123794012	0.0014168622721141	0.188868934896873
24310553	0.310077859792158	0.0493814184479673	0.143026526751643	0.25869801059507	0.0003036404740365	0.0440146424507642	0.015592966458758	0.0001402012219809	0.178764733807622
2525608	0.360150820258596	0.065798371508661	0.147006622478935	0.179214657885162	0.000116451650677	0.0470749549712301	0.0117671703837998	7.15809911761488e-05	0.188799369871762
25300551	0.299218299115351	0.0995724022269411	0.116987532807231	0.26896214865654	0.0001036665056505	0.040839920936595	0.0172158752754724	8.91319438459613e-05	0.157011022532374
25580771	0.274653863175361	0.0027292575689353	0.188140033658653	0.215074109786421	0.0011905227927329	0.0885577075746784	0.0399177869542031	0.0016206084437648	0.18811611004525
27313862	0.320725415466418	0.0545216005162508	0.180900569841122	0.229659443150268	0.0009040070181399	0.0288047317728767	0.0135652789414543	0.0004037883876251	0.170515164905845
2899847	0.307912185747613	0.071819884640874	0.162928083266862	0.225712778573064	0.0002851836157333	0.0211876428838642	0.0465287766942923	0.000165226904685	0.163460237673013
29933130	0.304791800663111	0.0723706105749738	0.164289716823417	0.257038269103316	0.0001357853122089	0.0250376223266139	0.0185174739615117	0.0001472277239331	0.157671493510914
30819298	0.265281479103516	0.0019780879929162	0.191387895566798	0.306590596411624	0.009373926233835	0.0262862820940298	0.0200736786714851	0.0011840218246276	0.177844032101168
31509843	0.30114518109621	0.0179758437944504	0.187513620690307	0.263566846562787	0.0002024822875944	0.0381304363493057	0.0187641224514084	0.0006254222822216	0.172076044485716
31756046	0.27679365976893	0.0309545025451044	0.171357011683807	0.27452890766335	0.0025228717455792	0.0394475752692437	0.0149099733397146	0.0001615565427584	0.189323941441513
31908032	0.270585129463593	0.0406481643755583	0.148201720717713	0.298586097715435	0.0005241079191639	0.0501406822241361	0.0199533711993075	0.0002389149053071	0.171121811479786
32971269	0.291977983949383	0.0684964441085056	0.141330097044791	0.266027268968022	0.0001433580378521	0.0529530487215693	0.0146277775374898	9.64132304578382e-05	0.16434760840193
33411712	0.276583578315793	0.0029042111317852	0.134063247331239	0.322053270284032	0.0007278079965398	0.0556960156201432	0.031341839731721	0.0001371397555547	0.176492889833192
33477756	0.330910437638179	0.107484124212813	0.121055905567844	0.214380914361871	0.0007024788293004	0.0457286810505691	0.0134797299800592	0.0001390972582043	0.166118631101159
34962204	0.364784934048751	0.0655514858923651	0.12877956007018	0.204459433388967	0.0042326948810342	0.0382574137166051	0.0174005570654652	0.0005338626581282	0.176000058278505
35286551	0.310378515379435	0.0655550639282653	0.112771471536192	0.274252507400873	0.0044686301795293	0.0428312998072942	0.0146354377280507	0.000781654086809	0.174325419953551
35941263	0.291748887186729	0.0513552582698618	0.20420821444718	0.231732732247314	0.0002216123150086	0.0374370025391276	0.0163766994757568	0.0003897614780177	0.166529832041004
36379623	0.260632829028118	0.0278445702906715	0.121121018806935	0.281378836789406	5.62686694640311e-05	0.089378803596517	0.0320907592423667	0.0002255129259335	0.187271400650589
36492755	0.398920574712536	0.0637936104080014	0.149534513983972	0.148209926451908	0.001836866028424	0.040431314803738	0.0188972412717509	0.0009592606356231	0.177416691704048
36830117	0.273635156442639	0.0242296483937976	0.29180851850492	0.153099426043036	0.0022047338392332	0.0639190170109904	0.0186271885278182	0.0018767232896594	0.170599587947907
37065652	0.332687200197562	0.100105613302074	0.148175328926501	0.175513426829315	0.000282750999152	0.0365791649964315	0.0265218318643744	0.0016502617875136	0.178484421097077
3713990	0.350188531559482	0.0810126380358362	0.156399932342924	0.172148408648814	0.0001785710208859	0.0468178186433328	0.02422822607928	0.0001908730932344	0.168835000576211
37178462	0.36594211019229	0.112305733182637	0.187676615437749	0.122082611050764	0.0004099573713182	0.0322721138864639	0.0095917377553868	0.0004548945831221	0.169264226540269
37527863	0.256555171960451	0.014303975641448	0.166640156165216	0.297622680866208	0.0001996088258604	0.0708683907705256	0.0194886602305889	0.0001945237553583	0.174126831784344
39316600	0.293679031259688	0.0547449589673512	0.156549727331726	0.26377680544033	0.000190091075257	0.047020562369825	0.0152957784641503	0.0001460144440772	0.168597030647595
39484737	0.325148442602892	0.0780540321690292	0.158545720395233	0.209571322585502	0.0004147623224105	0.0466950024441125	0.0172010035399282	0.0004748913319387	0.163894822608954
39989287	0.293974701763581	0.0486928304903285	0.159539082989473	0.272093837243946	0.0006831445374131	0.0345975441889286	0.0186418244142255	0.0002983231906096	0.171478711181495
43074402	0.335852426590062	0.0811950684927137	0.153883439490575	0.21214785903141	0.0008438823778384	0.0351719798624696	0.0139917689950528	0.0005663017354461	0.166347273424431
43485807	0.359691950304646	0.109590339140442	0.106376756878027	0.217716931988836	0.0002813069230949	0.0273793890035131	0.0124751155556389	0.0002250598479133	0.166263150357888
44019405	0.304742470544568	0.035865006710196	0.16419072391785	0.245916153518928	0.0021394971576677	0.0470630808825489	0.0192539175323914	0.0002390882424255	0.180590061493425
44299049	0.350097816150416	0.0556131961249582	0.148268888637873	0.188546482513534	0.0058360766190673	0.0526033398073673	0.0222842342142814	0.0008954376956162	0.175854528236887
45115248	0.30728067825005	0.0280921913221481	0.177043984986167	0.203865000810242	0.0013636112675819	0.0670500278794795	0.0231290578100588	0.0004273738053123	0.191748073868961
45566083	0.239686542732272	0.0134492872311205	0.175285423019469	0.260185352728655	6.34290534271645e-05	0.0801665225566492	0.0395565759323622	0.0003027997777622	0.191304066968283
45800230	0.355728332059068	0.0759396696370095	0.174894354586712	0.159293992187223	0.0012188602160993	0.0471209248565834	0.0082491958033919	0.0001809856921683	0.177373684961744
46000440	0.353069948447738	0.168364926026522	0.137259589847199	0.154428463522553	7.79669124131673e-05	0.0276909655460303	0.0077569123665968	0.0001834807454112	0.151167746585537
46246604	0.257786652272006	0.0777604839669623	0.0904943948529768	0.385879399114203	4.49844583837168e-05	0.0339820492940709	0.0219374761605196	2.84585873884604e-05	0.132086101293488
46251007	0.386671450712299	0.131110236114594	0.132688910727643	0.147302033987223	0.0040203271276632	0.0258930705685916	0.0120523076316535	0.0007890052071739	0.159472657923158
46369736	0.347295769632361	0.109155780943313	0.117547332065797	0.219443149636395	0.0022501595227486	0.0270058039765623	0.0172224667659465	0.0002508672474805	0.159828670209396
482428	0.329369757443951	0.0842131079839101	0.135123183734727	0.208635520106731	5.17224563612592e-05	0.0511777554085017	0.018985882465818	0.0001105057734543	0.172332564626546
4879843	0.304875690876043	0.0747889964889052	0.241100555404198	0.150049779411569	8.97673269106053e-05	0.0399404437427113	0.0174358587411729	0.000168294411401	0.171550613597089
50100482	0.296286894159827	0.0021192929977353	0.159246567440664	0.242161831465407	0.007418591228563	0.0808835276980409	0.0258471154835142	0.000132275342253	0.185903904183996
50100518	0.332975119421674	0.0719887145446554	0.220343367514646	0.107970256416974	0.0003174755694542	0.058860310106954	0.0428449754659679	0.0004952113498968	0.164204569609776
50100770	0.248040472493041	0.008908983859891	0.209237426436106	0.277837521453714	0.0038519422899579	0.0522859450352071	0.0192110396687215	0.0004945113892674	0.180132157374094
50100806	0.360748644265251	0.0407897480227163	0.126371863792839	0.21093338385581	0.0028937722897592	0.0468270331228137	0.0142813338568555	0.0003100640356567	0.196844156758299
50100932	0.309933232660098	0.0777655259529406	0.161422024088794	0.181314527156455	0.0001066672584705	0.0630829926507187	0.0334512650146305	0.0007098236623389	0.172213941555553
50101073	0.342296038029917	0.0714420689787034	0.115798701000079	0.255900030190682	0.0008099981162555	0.0339849363428256	0.0228467642733072	0.0002629763690226	0.156658486699207
50101523	0.361393275084708	0.0809834498864596	0.160379960490635	0.106838862630275	0.0002664346687029	0.0575963407247868	0.0420920119224602	0.0020229057645878	0.188426758827385
50101659	0.383396616873496	0.129100441118587	0.13532827173476	0.162156369568357	9.0640716767473e-05	0.0236703569340008	0.0064082914124275	0.0001928894576381	0.159656122183966
50101785	0.347847627945716	0.0851716294375027	0.152618631856951	0.181193756561852	0.0007148128765529	0.047107103545225	0.0112019509142471	0.0002270699551672	0.173917416906786
50102088	0.282783424936089	0.0095551510194769	0.164933357721348	0.289308319073772	0.0032403691562463	0.0526775510221995	0.0168772699892937	0.0013755597810212	0.179248997300554
50102240	0.301180788987454	0.0382831993007024	0.15834491483877	0.25822128261718	0.0001933350788402	0.047210430494055	0.0141583667033922	9.9527985964962e-05	0.182308153993641
50102376	0.353803266432041	0.141853118056745	0.109877114445667	0.108675629347734	5.56265785333451e-05	0.0776155039370244	0.0203595416620816	8.67216170084412e-05	0.187673477923164
50102952	0.371847963362398	0.0913826369373382	0.118407123828183	0.18002639169068	6.13337250163911e-05	0.0403696323676682	0.0221396744612892	0.0002634330093058	0.17550181061812
50103129	0.393397482626077	0.0791503652736425	0.103100608575241	0.184754428274191	0.00010185212476	0.0324328420665975	0.0271819090055363	0.0001035756585089	0.179776936395445
50104008	0.275310795078967	0.087825673472989	0.135993126132427	0.233867536753414	0.0001339552976123	0.0612470755988353	0.0234678844762465	9.56924924099815e-05	0.182058260697099
50104134	0.28086179495359	0.0229989009784905	0.198014084968965	0.26800646506701	0.000718193024215	0.0361245516680223	0.0177351036744173	0.0007018995421422	0.174839006123148
50104684	0.401692432439409	0.0812466338007821	0.144690617933971	0.174545401968552	0.0032556541885844	0.0301291198662633	0.0100384842617382	0.0016398106114806	0.15276184492922
50104846	0.277405130320472	0.0816925174245397	0.154977610814642	0.255635567035031	0.0001175996197199	0.0488932007840315	0.0167755718099491	0.0004499478825347	0.16405285430908
50105437	0.3536343542469	0.0904896081233745	0.151554671743601	0.176603008749223	0.0001384814599658	0.039988867902574	0.0089673749654509	8.34541252283997e-05	0.178540178683683
50105699	0.294532634637997	0.0376149277886457	0.159125734514842	0.236743020070629	0.0003797514209507	0.0589508668268611	0.0259715942567865	0.0001281216576111	0.186553348825678
50105725	0.356454449951588	0.0931984422960646	0.124935390646052	0.225244912943896	0.0001237421579667	0.030906145558651	0.0115943735328135	0.0002393134034541	0.157303229509513
50105987	0.33053685596416	0.0591959776656866	0.214390215507898	0.165431061552333	0.0014025677168451	0.0382522726604253	0.0151059232578487	0.0013504127222247	0.174334712952577
50106280	0.332844227346152	0.126604647376199	0.122610457106855	0.196488399408644	0.0006886438743987	0.034806468115783	0.0204485722188377	0.0007648535034785	0.164743731049652
50106578	0.396826048722412	0.169176803338013	0.138681566777536	0.0996458931145709	0.0002321621056947	0.0226475783607892	0.014092094325526	0.0006831641884989	0.15801468906696
50106730	0.427610949585575	0.171319281743768	0.073686517233271	0.138230903783802	0.0001617566048472	0.0327270093793889	0.0085378110613777	0.0004021892125866	0.147323581395383
50106992	0.350615432372248	0.0782105665481973	0.165056218080704	0.180445847381182	0.0029442676230805	0.0328741143581462	0.0152605614793472	0.000724574373973	0.173868417783123
50107583	0.279908352256014	0.0491133271488256	0.118166313156889	0.23182550202152	8.92360896960234e-05	0.0808283642248045	0.0448001816393443	0.0004544500883181	0.194814273374588
50107619	0.317708744479211	0.0427972335070337	0.131653918949324	0.259966859384202	0.0002082278352288	0.0574156949507318	0.0216805547133573	0.0003175456346658	0.168251220546246
50107745	0.336903809826994	0.0772906425558706	0.101973977044899	0.209282613553056	2.72710543835311e-05	0.06927961866623	0.0464589224051734	5.22210829956089e-05	0.158730923810398
50107871	0.351568667807621	0.0768465805087134	0.177607035012646	0.167719263573191	0.0012101372413924	0.0403438943359389	0.0169066661639703	0.0004698621212729	0.167327893235255
50107907	0.353406537979776	0.128664983810903	0.148118153923585	0.174345128076744	9.19553955536529e-05	0.0315331095523361	0.0091434314071812	0.0002112410476053	0.154485458806316
50108048	0.235259765330451	0.0001592752179611	0.181301990439667	0.333896011777534	0.0154491087695639	0.0367637933858548	0.023449701742757	0.0012963015341011	0.17242405180211
50108200	0.228583644566392	0.0007018728224505	0.237911204882932	0.270396640758285	0.0132007006530925	0.0326125639082384	0.0354313654793302	0.0021491105478713	0.179012896381408
50108462	0.323430850025102	0.0667777167955614	0.185353858949787	0.188005511557871	0.0011465804489882	0.0468845573153603	0.0137779482675179	0.0001926584866561	0.174430318153156
50108598	0.294331772690035	0.0555481399205391	0.141096298768445	0.2991062595111	0.004147988558676	0.0244568932248557	0.0190435429703457	0.0012125400749064	0.161056564281096
50108886	0.377233305235232	0.255077388274705	0.117659640398778	0.0796458068712585	6.69398210595789e-05	0.0213076897001702	0.0075839744273177	0.0001172281016195	0.141308027169859
50108912	0.329252471168207	0.0908973170665011	0.19176967925893	0.19780494391295	0.0001854029796406	0.0284990813335022	0.0092868847889493	0.0003213793117716	0.151982840179549
50109189	0.39262082932737	0.0821218915681485	0.131231378927419	0.176588442586202	0.0004913127509365	0.0306371746241494	0.0126232765343361	0.0002921838801933	0.173393509801244
50109477	0.276588523940284	0.0758100079222367	0.23828467513646	0.200728338475903	0.0002831637350031	0.0260237220487534	0.0112031692722842	0.0003172035551543	0.170761195913922
50109927	0.333430517896809	0.0773186877332081	0.161131166330766	0.219360417082326	0.0002059498994205	0.0322302194477862	0.0102478835957378	0.0009550939105447	0.165120064103402
50197261	0.350230580011695	0.10834187071034	0.126596598519149	0.196053255628892	5.64644927923547e-05	0.0319855322277911	0.0279110443527996	0.0001622802100532	0.158662373846487
50300408	0.319677477014334	0.078415964642587	0.176400381805297	0.221823312325921	0.0003611504937901	0.0297687779362946	0.0162034407448326	0.0005272408920525	0.156822254144891
50300822	0.353998513535849	0.0797653482571692	0.134127604360391	0.202571478530088	0.0001674591142018	0.0417681682860532	0.01224217879192	0.0001910983192596	0.175168150805069
50301099	0.220282141832922	0.0177900392439664	0.144344868149153	0.292785618358713	0.0022178997761283	0.0846969445008666	0.0323495655310567	0.001007395061934	0.20452552754526
50301387	0.360063977876281	0.144565857005542	0.175142352324589	0.083788900817274	0.0006181202090202	0.0495944728048271	0.0239602963778971	0.0015682686846971	0.160697753899874
50301963	0.357734032825522	0.125742439490866	0.130535223053622	0.180771040196004	0.0001128906611751	0.0370308127477616	0.0090939538474422	0.0002000047172107	0.158779602460397
50302004	0.349124775815488	0.14332545392164	0.135469125795306	0.173647076727107	0.0001575911697377	0.0323323452991982	0.0089059289806811	9.26611643414334e-05	0.1569450411265
50302266	0.335544491209175	0.0221853622701416	0.172858441920422	0.201763521656106	0.0048124111278319	0.0484500282188568	0.0292545727915235	0.0016815860059143	0.183449584800028
50302428	0.280780836421498	0.0576101778584223	0.149668804154573	0.26250622799714	5.28294866265651e-05	0.0682135711444443	0.015306978092366	0.0001095292525302	0.1657510455924
50302554	0.370427852433842	0.110068693841958	0.164166350182144	0.120043499747488	0.0002287279157813	0.0428530539829318	0.0119905239157038	6.44721910769897e-05	0.180156825789074
50302978	0.37343835474355	0.135482584458412	0.141026636775505	0.187079249991195	0.0011155194610906	0.0231552747403552	0.0023685598725536	0.0006938610235475	0.135639958933791
50303145	0.350228089359428	0.106441792671171	0.111997504350051	0.235980891895993	0.0002564157557166	0.0270366944211352	0.0109797112065285	0.0010837141019597	0.155995186238017
50305165	0.319911124975668	0.0739214051577422	0.150454296213831	0.254462778530514	0.0002521540525046	0.0336651707497905	0.0103071674298914	0.000616468835179	0.156409434054879
50400385	0.323382359893105	0.0437216795270169	0.188631135941805	0.230485979261687	0.0001054706176529	0.0303920067394845	0.0158349374290156	0.0007564217821392	0.166690008808093
50400709	0.378923763729285	0.136418633515936	0.140102085428807	0.137843680089115	0.0001395549136932	0.0300051477674569	0.0161740452283921	0.0002325284581565	0.160160560869157
50400835	0.330795430260579	0.0940456037069613	0.174797534666132	0.158442929561829	0.0002307924364455	0.0474396816584423	0.0177786338667402	0.0001640032658542	0.176305390577016
50401002	0.297891560247967	0.0272544619728009	0.137593187479983	0.304029000522323	0.002443966892231	0.0275987871333218	0.020453539736529	0.0013577141086998	0.181377781906144
50401264	0.278394594834802	0.037551121974732	0.137121634004738	0.293016449037667	0.0002080207243053	0.0486664495393327	0.0161498164344443	0.0004322741782518	0.188459639271726
50402017	0.366177180995291	0.0877453993380891	0.115826093194999	0.216115432488335	9.32938949524762e-05	0.0357067426112135	0.011976473909408	8.68150960503427e-05	0.166272568471661
50402567	0.365748674555715	0.131086005759064	0.136545515800398	0.151178782917215	0.0006478484549675	0.0299488338782729	0.022784925583212	0.0001378980588621	0.161921514992294
50402729	0.246497705879083	0.0178307991471934	0.213113924023542	0.283800084983227	0.0041099147856902	0.0320211920379269	0.021047520369046	0.0005089155178911	0.1810699432564
50403446	0.241707017631106	0.0066166386113712	0.194178729198817	0.317503652969672	0.0020514387995187	0.0344404669533247	0.0289425833342752	0.0009747761539002	0.173584696348014
50403860	0.276140582788854	0.0428909837040526	0.126324708448626	0.304726068084505	0.0004857211878047	0.0465683783259248	0.0197740622194876	0.0004530316885467	0.182636463552197
50404163	0.383637882211958	0.0705259407615584	0.128249889761127	0.198314928470867	0.0003076347763115	0.0269414753818644	0.0163082451388783	0.000618091260226	0.17509591223721
50404299	0.409553948531014	0.111752758336922	0.103008115217799	0.157352969872816	0.0036035876439568	0.0355904086958393	0.0116373399179788	0.0011993365081323	0.166301535275542
50404749	0.329109924368573	0.0481176504853425	0.159078941371707	0.244413521093609	0.0001251826651803	0.0330633068788104	0.0158945613725712	7.36930772327468e-05	0.170123218686974
50405042	0.385513351078563	0.119854848312117	0.103821144089092	0.191770794291668	0.0029641381524609	0.0244488170823328	0.011570600241729	0.0011635628570671	0.15889274389497
50405330	0.348035191381111	0.0652780177233161	0.124306928413075	0.236283156179149	0.0009875492646017	0.0360408877480061	0.0147269748169328	0.0008490966342321	0.173492197839576
50406057	0.286751296355651	0.0863330161436633	0.174876970106408	0.205783229046921	7.03362007016428e-05	0.063328208237415	0.0150933152462054	9.73566466883665e-05	0.167666272016347
50409370	0.289967972906534	0.0403684263878312	0.216239170958895	0.198341878172205	0.0001167310941752	0.0355572666129241	0.0341524446095863	0.0002863898706503	0.184969719387197
50409532	0.32846427800376	0.0400548689233024	0.227112535898807	0.134454520928788	0.0173071741276486	0.0461214754247387	0.022828113479403	0.0011883014469049	0.182468731766647
50410283	0.331055682830934	0.0321595709852304	0.173707141577182	0.209624100638351	0.0003900475595143	0.0532036792900937	0.017635063479647	0.0003672135544414	0.181857500084606
50410319	0.30437362386265	0.105755836178991	0.124362230992926	0.264513112665596	5.69607123213312e-05	0.028463478804723	0.0168567033024394	0.0001559046277601	0.155462148852593
50500136	0.297368174715997	0.0411102601768083	0.121470687971801	0.256497404040068	0.0059412077188855	0.0709976949243271	0.0185717533254219	0.0003563762161309	0.18768644091056
51400993	0.400849041518425	0.18116624657519	0.13529473840688	0.0988457423203134	0.0036364032306345	0.0260080397728798	0.0095163420136582	0.0010472194059631	0.143636226756056
51624179	0.401937445345749	0.145128517351052	0.103154108448052	0.130475038505714	7.94706521118328e-05	0.0442551363748149	0.0084575372202981	0.0001065367679519	0.166406209334256
51815338	0.341888596694142	0.0991117511083582	0.143300876977876	0.151757622412621	0.0001166018710582	0.0568021800443356	0.0442696790918297	0.0001678333361335	0.162584858463646
52311825	0.337793124842504	0.0385191668668946	0.162265920508567	0.22161051476111	0.0002336029795253	0.0309655422396781	0.0231082915666697	0.00046481692013	0.185039019314921
52509923	0.314235617805268	0.120412802414548	0.156869885267185	0.196075036632351	0.0004359666350243	0.0316219586677185	0.0147202102928806	0.0002303046768964	0.165398217608127
53772202	0.238730505135653	0.0072282784303631	0.152414012891996	0.296350063705976	0.0002152875076327	0.075955244138061	0.0548829915563978	0.0002190743629172	0.174004542271003
54122640	0.336496394209811	0.128318406326734	0.158636005032221	0.17664051113457	0.0001055318460733	0.0283902593680885	0.0107538542420241	0.0001965690810475	0.160462468759431
54458919	0.250996160805196	0.0040585763884221	0.167146728481311	0.268009071829328	0.0018693162819367	0.0785846124457907	0.026718028067921	0.0003239156266194	0.202293590073474
56102646	0.312780864884896	0.035292109963168	0.218634035320338	0.197283942476827	0.0015760722299608	0.0318770055962648	0.0215183808255381	0.0001604160263787	0.180877172676629
5689621	0.342254384793364	0.194012157249994	0.147408590686078	0.139187460892494	6.92743967557071e-05	0.0208654988124626	0.0130804763105195	0.0001845805563977	0.142937576301935
5779736	0.347593042445548	0.0700463808111597	0.176406144498888	0.186837040358434	0.0011106768647661	0.0264336069635592	0.0111401798558832	0.0002523490457693	0.180180579155992
57978756	0.344052167098192	0.0704911022947668	0.119458000364985	0.233358860583417	8.82233779157434e-05	0.0352281002357604	0.0204017026367822	0.0001428098816923	0.176779033526488
60725338	0.295928470764205	0.0573714835583746	0.175605431492379	0.250144755956171	0.001685617141971	0.0338750409040181	0.0203714752765473	0.0010141643046154	0.164003560601718
60747316	0.25546976138473	0.026471497262465	0.20274286020469	0.272175472128185	8.98987939049312e-05	0.0515361698535156	0.0225689840484959	0.0010457645754324	0.167899591748581
60848460	0.364643786747372	0.24851587314771	0.13016719499693	0.0842452252181015	6.35193396325538e-05	0.0228778693000539	0.0131701722810524	7.71715621355055e-05	0.136239187407012
61029627	0.307321272757308	0.0555421591406961	0.168000977107149	0.198852917718234	0.0001747207093993	0.073306619486855	0.0191158618518471	0.0004592477404491	0.177226223488061
6107196	0.372693870368969	0.164283678798562	0.125617175746469	0.146652884167786	0.0001570337854104	0.0274681935995903	0.0099646537944499	7.73954615531883e-05	0.15308511427721
61142759	0.325401325384843	0.0727128948077835	0.109289196379115	0.255294728656914	0.0001357594787348	0.0422728156116114	0.0227024351450633	0.0001458862758435	0.172044958260092
61344957	0.393810707255137	0.0935315819047534	0.137821446394067	0.107452998238086	0.0001476111645856	0.0541762097645335	0.0127497043115825	0.0001700527804643	0.200139688186791
62367972	0.290272630589679	0.0419709673443682	0.141903431180523	0.28467669785028	0.0002142901362013	0.0415303544304166	0.0241226624270835	0.0001465320451137	0.175162433996334
62404688	0.321485006532292	0.0535119226265623	0.128370652064642	0.248188195770139	0.0001836634627106	0.0553282486530526	0.0153577755058186	0.0001225279850286	0.177452007399755
62483327	0.261611460891054	0.0278700660715441	0.186325150369967	0.282456868345888	0.0038800339000587	0.0464026134870044	0.0138696264691476	0.0003151276778342	0.177269052787501
63188799	0.334613519164476	0.0748140154857097	0.154816771956263	0.210744564674982	0.0027620024700337	0.0367801682227662	0.0135445418032862	0.0008247908800175	0.171099625342465
64291829	0.329578401760792	0.0869481874229734	0.147808494047887	0.197968328857184	6.03293768153543e-05	0.0622785996441222	0.0330314218217401	0.0001511099865563	0.142175127081929
64358179	0.407106317922699	0.10603348122146	0.140021159597988	0.0975258227096803	0.0002366962438602	0.0501662837204359	0.0165967644220497	0.0002313076061832	0.182082166555644
64493027	0.337876038936111	0.112411704743785	0.123836250822823	0.197773313778619	0.0011274272303922	0.0424108979249092	0.0183387024697091	0.0003123696809106	0.16591329441274
65001607	0.410597404698889	0.112461399118222	0.167834587960275	0.111640576578304	0.0041205050288247	0.0296818477908539	0.0137529147230981	0.001386831898357	0.148523932203175
65292866	0.297524420521167	0.0374030915694481	0.199019444273718	0.186684304110416	0.0052166085049766	0.0587288291447753	0.0340683145568832	0.0011317250011472	0.180223262317468
65652206	0.39768450718603	0.129412332269573	0.121976190421746	0.15576365841015	0.0034564199337896	0.019647820260535	0.0096187263406797	0.0004602793962905	0.161980065781206
65736039	0.392797442601672	0.1059611770528	0.17480592458937	0.122713819985775	0.0016480622371222	0.0303430269594665	0.0111075715149364	0.0013336467696187	0.15928932828924
66406040	0.312956603579085	0.0752881520370681	0.16052787871445	0.220340278874661	0.0001788203062144	0.0368113504598556	0.0155047975636935	0.0002718718155927	0.178120246649379
66754397	0.325804335566595	0.0788052260550013	0.18789819798671	0.18252778099169	5.77949226634499e-05	0.0368133284673468	0.0259357538162045	0.000211607128259	0.16194597506553
66924745	0.36069175750156	0.0927651910847663	0.133421667481547	0.204531845272443	0.0002106891413123	0.02789141722321	0.0156747378094882	0.0001083147182931	0.164704379767379
67185070	0.37430080261773	0.0812376426081246	0.125944366563502	0.214945596003969	0.0001051392903629	0.0313342865621849	0.0133214357673925	0.0006463462450748	0.15816438434166
67429065	0.320597412924902	0.125853159711122	0.129089581722648	0.191519386455359	0.0001680873048652	0.0344458847814796	0.0163583659140871	0.0001451773686252	0.181822943816911
68015667	0.339841888440198	0.125140317123195	0.133798158723599	0.192441432329462	0.0002051829561443	0.036411057089595	0.0109441249037098	0.0001047932196322	0.161113045214465
68745332	0.2992559393874	0.0713060346935971	0.185909169069128	0.214128917819354	0.0001853209023923	0.0345624919114198	0.018940124130178	0.000129734770511	0.175582267316019
69982533	0.301726890705395	0.0588126328780775	0.146995607590216	0.214122226655154	5.95160087231764e-05	0.0627732815958895	0.0325920669354421	8.97658715760009e-05	0.182828011759526
70816595	0.190380511005709	0.0005699331322275	0.225496822174249	0.337001381742301	0.0059962079575643	0.0378208732469848	0.0331384544116511	0.0002217726426862	0.169374043686626
70883578	0.334384370974198	0.139382936885297	0.115257804539231	0.175895457531191	4.59623515184654e-05	0.0565418862390407	0.0151405461475205	7.95643668132776e-05	0.163271470965189
70917649	0.368392567325511	0.0949545128100273	0.0975066049026605	0.217522197104553	0.0010082566994679	0.030230069616105	0.0169745437776002	0.0007361952834104	0.172675052480664
71626373	0.318722692892137	0.0567399755033939	0.199678828092614	0.199681945137363	8.6991957760012e-05	0.0366412849387858	0.020229785604519	0.0002718449062516	0.167946650967175
71727427	0.319298130000756	0.0562497350398406	0.137983812772509	0.24934602027621	0.0001585090616237	0.0460996170977059	0.0136167557219623	0.0001765781446136	0.177070841884779
72188804	0.286150378308096	0.0629515713432282	0.166018387830896	0.272589973929162	0.000452866168804	0.0314752088910899	0.0147209042827288	0.0002945209240285	0.165346188321967
7253015	0.274140125034727	0.0237920477658146	0.174207263226925	0.287397404499628	0.0032247590301568	0.0425338474994698	0.0143168240808718	0.0002234317191759	0.180164297143231
72650337	0.35009861305833	0.0923620638712797	0.128040035934127	0.215454030881622	9.20229397360571e-05	0.0398072197231256	0.0110617588155475	0.000158465320056	0.162925789456176
7287209	0.345391109045531	0.107852983313954	0.128900906997099	0.204693873041125	0.0002450148633583	0.0310159399136582	0.0157078737633571	0.0002126111010543	0.165979687960863
7311370	0.313560329273804	0.0510213224572423	0.134245824793051	0.235690171883604	0.0001692502937833	0.0506635135153393	0.0266411980860127	0.0001744636572817	0.187833926039881
73549281	0.227088590774487	0.0001784864683794	0.155589162261139	0.34469316838613	0.0142712462474667	0.0412789475344276	0.0172175996130332	0.000925189761696	0.198757608953242
74753465	0.127911492046565	8.5974007943245e-05	0.201013954971478	0.360364904551463	0.0057058456048366	0.0709280188644485	0.0376279269788591	0.0005980528450914	0.195763830129315
75990666	0.245685192951302	0.0145733332473576	0.218574684157635	0.271461656297226	0.0003208363836647	0.0430571135055611	0.0250090231048886	0.0002668268249759	0.181051333527389
76867532	0.303519329416633	0.0334233829345728	0.179293841734136	0.238566961557362	0.0044373284179925	0.0311430688261774	0.0269740341614901	0.0014876888734722	0.181154364078164
77143621	0.30876054414093	0.0757920511651293	0.145093228635071	0.223003174463555	0.0006072000096514	0.0520947916758131	0.0191705551536656	0.000103423476521	0.175375031279663
77239958	0.305031241752613	0.0344338062899215	0.154357735346887	0.257048323634955	0.000446538504428	0.0409089942622348	0.0214436274710567	0.0002039965316895	0.186125736206215
77330002	0.324518095981133	0.0578371660661282	0.16421095492069	0.214702421890769	0.0006745080655908	0.0587769734549994	0.0134537776745154	0.0003596648553702	0.165466437090803
77891596	0.231247124204467	0.0005592986534892	0.158239926099829	0.34131197345697	0.0014792681077533	0.0590371967072243	0.0345951621150719	0.0009495181060998	0.172580532549094
78452313	0.370121665213189	0.173628118053784	0.124712228823617	0.126035684149461	9.80930664324796e-05	0.0270590885018676	0.0211570238734886	0.000202941385989	0.156985156932172
8109170	0.352203727102216	0.0883617613766279	0.149321331326176	0.201916048757321	0.0001441249233345	0.0281267707217761	0.0097407270664992	0.0001808012965968	0.170004707429451
8132197	0.278232850263713	0.0140726350406964	0.200651228386633	0.222568063193721	0.0064506101547389	0.0466981097733023	0.0372682508650019	0.0011730818772459	0.192885170444948
81852640	0.333529259573592	0.125499024527453	0.118428198392215	0.211553471786128	0.0001635481713665	0.0267335103500248	0.0118851842515611	0.0001175591835149	0.172090243764143
82317494	0.376065950260771	0.0858807614987594	0.154881007755761	0.178029065739653	0.0145146644555051	0.0272563131783619	0.0116720824194468	0.0018665818621185	0.149833572829623
82624422	0.295436436399363	0.0199491608090752	0.150184013406005	0.28596180357254	0.001439550200764	0.0454297312768898	0.0168131074816124	0.0005640051776809	0.184222191676069
82684406	0.282993983079391	0.0371112832643403	0.15730819379983	0.291898210350965	0.0007044989969048	0.0328769959688108	0.020732967877253	0.0004340236146462	0.17593984304786
83034844	0.337620462774986	0.111284176211344	0.132582900386163	0.134139163609666	0.0030956229093258	0.0579589295797585	0.0616575590667505	0.0006850653601313	0.160976120101875
83984043	0.270610205262249	0.0009572197558549	0.204423615931289	0.245115829640431	0.0034465496169676	0.0495954986468947	0.0319781172276913	0.0025798780076818	0.191293085910942
84417209	0.255446036718842	0.0189388511333764	0.173256984939633	0.308408819040794	0.005682026452675	0.0383874913558694	0.0279758616347638	0.0018765366167854	0.170027392107262
84642424	0.31220275563361	0.0705336123769383	0.152660812208694	0.216338408628464	0.0001688265102207	0.0493890911068132	0.0302292183942148	0.0004130401106774	0.168064235030368
84653463	0.300342470430306	0.0699357589353663	0.185875831036605	0.236996856736484	0.001881455104704	0.028976669605641	0.0134501855032458	0.0010429101271114	0.161497862520538
85065193	0.335427679718456	0.0937092407032647	0.14988188240473	0.172080407076665	0.0011085758157032	0.0531221246500753	0.0119770577239086	0.0001208431782678	0.18257218872893
85171938	0.29510704998279	0.0977669570659309	0.135277673565924	0.250545493964782	0.0003448859496416	0.0246335193360347	0.0276360968749715	0.0002379359494172	0.168450387310507
85666580	0.280111373941859	0.0187848510821958	0.179271828863991	0.283262210193033	0.0008955477733027	0.0404980360345501	0.0173774736958487	0.0004099675722257	0.179388710842994
86071821	0.373995447699255	0.161451114256299	0.109418045458555	0.143476507866069	0.0003346521756723	0.0297592695964476	0.0100585260848684	0.00010600582639	0.171400431036444
86177506	0.343708509242706	0.0790350457674248	0.14999822689046	0.214243091570391	0.0042212594885747	0.033832125931372	0.008991943587277	0.0003354702722238	0.165634327249571
86408244	0.315056331996578	0.0442182672736684	0.200514852975361	0.212057260451593	0.0002996499676633	0.0417615094627886	0.0162433299640106	0.000193356505972	0.169655441402365
86903794	0.220000556414943	0.0001754192856585	0.156881570858524	0.358577786265316	0.0047167328175261	0.0379476171350131	0.0439597734953505	0.0020820776331214	0.175658466094547
87038802	0.354004552322773	0.127076652865416	0.178533541526874	0.146324618320647	0.0061523852215425	0.0225899288876327	0.0131519433390659	0.0019282246144367	0.150238152901612
87410220	0.304573717768675	0.0680970720319375	0.219825076878131	0.210302163611445	0.0007702260171365	0.0240185426463678	0.0111111560654294	0.0004902871837176	0.16081175779716
87779516	0.329614443324294	0.0695266674486269	0.182275927702633	0.209154780147618	0.0002469235192245	0.0334852703608662	0.0106267410794137	6.66457081215603e-05	0.165002600709203
89001223	0.3191873480312	0.102928222219081	0.11558238014162	0.23401140214007	0.0003275430392112	0.0458621056740049	0.0130743865849673	9.37683000717668e-05	0.168932843869774
89164957	0.33670832851183	0.0392653091044537	0.161108158184047	0.242306315485	0.0115848344842885	0.0272503813559156	0.0158116658718216	0.0010884028240194	0.164876604178624
89614402	0.32111030284856	0.0912683124215285	0.151467369608271	0.200498270136348	0.0007433355701556	0.042108220900825	0.0163217905665455	0.0002107939356356	0.17627160401213
89903942	0.298743065959278	0.0326611720249979	0.196890838554206	0.236803767415089	0.0063954455671392	0.0340689368467668	0.0178467054830444	0.0015584534930156	0.175031614656463
90267190	0.290491531899172	0.0414751512782152	0.16053191109843	0.276864317938536	0.0012168128173479	0.0331826692475804	0.0205878347247273	0.0003244486918026	0.175325322304188
90447310	0.310494149639284	0.043764060681334	0.135080768468203	0.241450985214473	0.0002418593214805	0.048976602141875	0.0385913624162859	0.0003907059930821	0.181009506123982
90942860	0.290522824168313	0.0303545902271744	0.16716962924303	0.267058884726331	0.0008833628497884	0.0574517954377112	0.016208281966283	0.0004913811355508	0.169859250245818
91018909	0.337309926691072	0.0665438903914879	0.189922854860377	0.193234197388851	8.6307085375977e-05	0.027456439086418	0.0123614402255131	8.97257094341984e-05	0.172995218561472
91707643	0.317244721722029	0.0735394243301916	0.158876791340954	0.219479418733524	0.0016220793300137	0.0313245400206185	0.0190175116625692	0.0002851672084772	0.178610345651623
91921829	0.285033623555076	0.0552189917162646	0.190361003883216	0.220680636484951	0.0001435982091885	0.054494142887645	0.0170394220206386	0.000285696257119	0.1767428849859
92113025	0.323778422681981	0.0412502406255248	0.13882132466931	0.268997289768064	0.0009750442979107	0.0387904846363886	0.0137316793375167	0.0002381190513019	0.173417394932003
92393245	0.347224208356865	0.0621934862531423	0.183204696412089	0.195761169229514	0.0001862216469583	0.0307755236467408	0.0118060066895909	0.0001515719899791	0.168697115775121
92613520	0.38323130953124	0.0804640547604384	0.142782905879236	0.179401033052769	0.0037739586851559	0.0267440630517538	0.0155843635991246	0.0011010133547241	0.166917298085557
92996364	0.339794042877858	0.0705631204489489	0.14261729199615	0.227218608766007	0.0001482887729641	0.0346370664318289	0.0105825564306165	0.0005170839857685	0.173921940289858
93462021	0.353588209499776	0.153634808012378	0.11455101877709	0.180717789174011	8.85412899505219e-05	0.0283844392907101	0.0215210840061027	0.0001311536114937	0.147382956338488
93815598	0.31175812661657	0.0857766475585427	0.161860541238133	0.213469786626192	0.0001211682563933	0.0396801385921602	0.0193359287022312	0.0001359041334267	0.167861758276351
94092977	0.301698573826665	0.0511932753565748	0.159924343004722	0.232587900012542	0.0049871643050177	0.0464943411023432	0.0229792463248559	0.0006600907730042	0.179475065294274
94430339	0.269714602693232	0.023015644897999	0.16477504514738	0.307822524457125	0.0042761665450095	0.0337218103964787	0.0201211386570471	0.0001092627930746	0.176443804412655
94722642	0.239961325978105	0.0231979262511716	0.161319814494593	0.342051229150926	0.0004697638892208	0.0393597673450549	0.0240040512746251	0.0007005747556042	0.168935546860699
95491648	0.320594667077186	0.0901921733104241	0.151630433125327	0.228115601501204	0.0008898214114517	0.0333281710439842	0.0160207303300954	0.0005473036715644	0.158681098528764
95919181	0.297812603662923	0.0708797865761471	0.154358578391467	0.243177010161857	0.0001992139945703	0.0341143329664116	0.0304646609138563	0.0001635115550833	0.168830301777684
9650662	0.381328647892753	0.0772909911071419	0.0966088337591853	0.215664054653225	0.0018564798427054	0.0394124270928003	0.0117528796406319	0.0003767954062506	0.175708890605305
9841821	0.247948411532233	0.0231855295029525	0.189775209983123	0.29351058732003	0.0003804151325467	0.0444890491637883	0.0290320861924303	0.0021456090843961	0.169533102088501
98953007	0.310991040838309	0.0957314764388069	0.124994338930141	0.239394338508393	0.0001782417401478	0.0352014311138094	0.027169500984892	0.0001913298469849	0.166148301598516
