Mixture	Inhibitory	Excitatory	Oligodendrocyte	Astrocyte	OPC	Microglia	Endothelial	VLMC	Pericyte
10101327	0.247389071967886	0.302519378738152	0.132935180895197	0.183012052969916	0	0.0828418471007649	0.00606655264007123	0	0.0452359156880122
10101589	0.244059092737131	0.165597274135853	0.124704575936352	0.296245099821745	0	0.0620044509866055	0.0322698049904361	0.023841207874317	0.0512784935175611
10202345	0.23567408072906	0.25514470450756	0.149123948150397	0.149200938620136	0	0.164260211697957	0.00543016883009577	0	0.0411659474647934
10203224	0.300837984038674	0.420411260027755	0.0922303942608672	0.0837480643837246	0	0.0682542021146134	0.000907344980988993	0	0.0336107501933765
10205244	0.195593793978703	0.239162574354279	0.20663744236123	0.184393881406979	0	0.0788899824132808	0.0156581806739497	0.0177761227719045	0.0618880220396735
10208143	0.212120760849018	0.398179052811112	0.128470936676042	0.131210260004526	0	0.0843694786051186	0.00455832721211248	0	0.0410911838420712
10218339	0.247733948736846	0.229947391933336	0.19042531023483	0.202366309488426	0	0.0619446052212598	0.0160852253654833	0	0.0514972090198184
10222853	0.261913866583895	0.267333030337936	0.183538874540236	0.148735649783695	0	0.0801383430795974	0.014903130772146	0.00690810950276482	0.036528995399729
10246987	0.296452429237159	0.394954182390852	0.0690810716318513	0.088393196234497	0	0.0843074840190877	0.0228086838284449	0.00837137744268547	0.0356315752154229
10248033	0.245431669575348	0.263106286114372	0.133345104305147	0.253668168286085	0	0.0514515575061145	0.0102953820804158	0.0064278065448344	0.0362740255876827
10249336	0.230997182849839	0.286373466132656	0.165146690788011	0.172351315640213	0	0.0743839451025983	0.0156816046352105	0.011652633066559	0.0434131617849126
10253148	0.251786462665793	0.123169890036194	0.086729258657589	0.301018779110779	0	0.153908191593701	0.0164928610118136	0.0223024667612558	0.0445920901628746
10260309	0.191896759887325	0.269746332681539	0.140607557402523	0.263910049058585	0	0.0716285761806021	0.0237401165432081	0	0.0384706082462184
10262905	0.247653036595499	0.294392638012499	0.17690797412975	0.158326454217152	0	0.0709166134244487	0.0141844744806019	0.00694606030514237	0.0306727488349066
10271474	0.284674661195769	0.25371103922152	0.168841822460266	0.167296541134322	0	0.079134564528164	0	0	0.0463413714599594
10277308	0.242422101759314	0.217250291740228	0.164466388993996	0.213610091095321	0	0.110032827951662	0.00767415888932472	0	0.0445441395701539
10288185	0.276026625694492	0.182283978011651	0.145421562159167	0.245493425484825	0	0.0824547164574801	0.018537842254078	0	0.0497818499383066
10290427	0.236124290418631	0.212755637315701	0.207774808971245	0.17441023301927	0	0.0947937497827819	0.0169938316489491	0.00671963515345121	0.05042781368997
10291856	0.141620027894837	0.1313624778635	0.271029624151274	0.314595252357647	0	0.0650968008794431	0.0289481511724745	0.00839325876544605	0.0389544069153777
10292311	0.224728476296347	0.292364775565029	0.167465879258689	0.216675503770112	0	0.0506639406729619	0.0138527515308993	0	0.0342486729059619
10300914	0.172375713636845	0.0917481384364814	0.233209538629215	0.367212779723868	0	0.0684261232350027	0.0229264745953265	0.00589720198394912	0.0382040297593116
10315029	0.164875285197698	0.137714224016003	0.249790074583916	0.259312582880531	0	0.117965810393385	0.0152141401268076	0.00141181216232508	0.0537160706393344
10345561	0.214589908850116	0.199887959571349	0.11331573350455	0.294816434469849	0	0.0876157258908175	0.0219339433841172	0.00356414884347515	0.0642761454857271
10383017	0.260725468262366	0.29375186254752	0.124204310009675	0.164120409865281	0	0.0933954752842169	0.0323681054826978	0	0.0314343685482435
10394182	0.195497035571063	0.313835530903834	0.156585978051079	0.18488105981519	0	0.0811784898722073	0.012766133936229	0.0165063001424223	0.0387494717079745
10395197	0.26363051454246	0.21087154362218	0.133050104856302	0.237497122642127	0	0.0879468476659499	0.00977207148907497	0	0.0572317951819057
10405008	0.247697198520359	0.178117859192987	0.162968491120197	0.269641037324445	0	0.0887849875862841	0.0117205690226081	0	0.0410698572331195
10424475	0.146934609943125	0.2301410443981	0.177257434785558	0.230511899377641	0	0.143247131692036	0.0190681405738816	0.00513084236471928	0.04770889686494
10433070	0.283213635891017	0.220049071588656	0.10514029757984	0.245687036754722	0	0.0913867295851283	0.0071602689913454	0	0.0473629596092909
10435090	0.258438004188651	0.213075403722335	0.133241787150593	0.262840060649351	0	0.061745850034855	0.0154215524548304	0.0146689582200222	0.0405683835793624
10436131	0.284571854779775	0.265083498260677	0.146444011027901	0.193613597057988	0	0.0626157746803951	0.00112735976149104	0.0033144058551298	0.043229498576643
10447620	0.252238782269941	0.224002119497448	0.114810225203238	0.255842615245449	0	0.0805804781709523	0.0131513566938525	0.00344814235299042	0.0559262805661283
10460587	0.19993306409059	0.24254140362837	0.195569066123542	0.238934655947448	0	0.0613438835561414	0.0163931731738159	0.00255118623858223	0.0427335672415101
10473384	0.192920230483972	0.16327201358204	0.208878583633727	0.269227122760479	0	0.0968480604882457	0.0160473641855566	0.00313115565160858	0.0496754692143705
10478041	0.289372246498438	0.344616354334496	0.0924369178541702	0.157077507752024	0	0.0746259323498253	0	0.00199401475123791	0.0398770264598085
10480383	0.197862854795762	0.221695134287482	0.169311299090554	0.230778957600357	0	0.098024358522613	0.0193598580146719	0.00604790320467136	0.0569196344838879
10490993	0.299786347772385	0.311208561258493	0.118321339186457	0.150846503152975	0	0.0589095950862732	0.0111936722935377	0	0.0497339812498782
10502798	0.175908520070394	0.196688390713974	0.152827123341421	0.274235309472238	0	0.100127775671919	0.0438634571242299	0.0105847953702017	0.0457646282356233
10510090	0.177549601808313	0.0996048717210332	0.246925552039134	0.258867896625837	0	0.112807095293073	0.0378018712366621	0.0101711155695616	0.0562719957063853
10516762	0.246321282416988	0.265607366881817	0.152007520215567	0.216119892725043	0	0.068182505919004	0.0181413192646532	0	0.0336201125769274
10518782	0.269037567416921	0.261356475944984	0.152883186579276	0.184839674752706	0	0.0543033489382443	0.0119778617349952	0.00607342403866056	0.0595284605942129
10536568	0.297418942573346	0.38359348671162	0.0788767754681002	0.134079838643165	0	0.06532004933886	0.00359841974294717	0	0.0371124875219613
10551157	0.187556847324306	0.237418283875367	0.224218287931046	0.193222602090291	0	0.0922639041467526	0.0171130033284874	0.00148388743592166	0.0467231838678292
10557081	0.26051244593284	0.266468961939438	0.164722598289468	0.189648884275867	0	0.072231820846108	0.00804696289839501	0	0.0383683258178836
10577337	0.16980915878705	0.198917761833385	0.175719159614437	0.29541285096217	0	0.0742339931397399	0.0245480568893043	0.00104445927679076	0.0603145594971227
10589255	0.275318608987398	0.284899838969248	0.245595271406555	0.107985972126532	0	0.0376391334305334	0.0176791047785867	0.00485645875882478	0.0260256115423215
10669174	0.156347695973008	0.0931330559262191	0.163025315489268	0.355500282127686	0	0.135780226980872	0.0300634682678949	0.00673038781990225	0.0594195674151493
10684501	0.204362181465095	0.243388057762006	0.188564083947896	0.226862980624486	0	0.0776363419227085	0.0151022571918778	0.00671592561665001	0.0373681714692814
10850171	0.15674249620847	0.202015769359819	0.259697790698127	0.212972570479873	0	0.0633403050344986	0.0379896793891887	0.0122486414882283	0.0549927473417953
10866165	0.255768729115879	0.25586672214486	0.134183477107012	0.154484299285268	0	0.127230442280394	0.0137908575979962	0	0.0586754724685904
10885370	0.174836804499062	0.22035267694397	0.145484210733935	0.26054506684604	0	0.106935495306347	0.0235171747380147	0.013456018727614	0.054872552205017
10901987	0.273344752168718	0.207113937883764	0.179623716900059	0.129526414677293	0	0.121980418413007	0.0279838697956512	0.0178283430605059	0.042598547101002
10929637	0.207158948176657	0.200557726026353	0.213704838089633	0.177443064128748	0	0.134107090132807	0.0153816573048346	0.00559845081708829	0.0460482253238774
11157783	0.169968340352719	0.15095926782633	0.252155751936475	0.281256633755439	0	0.0788136413535847	0.0200457579885915	0.00752632475695628	0.0392742820299045
11165535	0.244418496747965	0.163646193120499	0.175137608887139	0.230025141108226	0	0.105625863466098	0.0192930844091139	0	0.061853612260959
11200645	0.219814825627224	0.248825249210942	0.207416079375829	0.170891618927342	0	0.0716811646612416	0.0274923208949766	0.00206137100609723	0.051817370296348
11259716	0.251654683679936	0.195830834184778	0.190395009223179	0.25335822615567	0	0.0606482046101645	0.0151612280704057	0.00651191456370332	0.026439899512164
11302830	0.219378652243909	0.164918267502507	0.160964751527286	0.216335069046461	0	0.126480713162158	0.0267065136672833	0.021537032160612	0.0636790006897835
11310844	0.238361492527631	0.271215931302829	0.139482380339933	0.191624441184427	0	0.0980046758459284	0.00188807846412897	0	0.0594230003351226
11319389	0.167530247200552	0.177149011096259	0.251383904458084	0.253737188175904	0	0.0748343318221941	0.0267223645075719	0.00188552815764298	0.0467574245817921
11326252	0.24935855393223	0.26391665606418	0.162374600976619	0.196288210984952	0	0.0839191468581304	0.00643755842866671	0	0.037705272755222
11327005	0.253147112896954	0.333993451100469	0.11230462058242	0.176728544249388	0	0.0806411230833103	0.00686423728624571	0.000282441148073296	0.0360384696531391
11331231	0.24689456595072	0.347857573680909	0.15136908759236	0.135150603273278	0	0.0640794185038356	0.0204124283223779	0	0.0342363226765192
11336574	0.237888334553437	0.265267861253554	0.121518475905308	0.215214842362922	0	0.0898546789102884	0.0157930289851904	0	0.0544627780293012
11342432	0.27381742725865	0.181851625233159	0.157131541932481	0.2330579376879	0	0.0984167792936456	0.0160475844008982	0	0.0396771041932664
11345331	0.240930391648903	0.213363973825099	0.191340367914155	0.236342394861762	0	0.0638569216713377	0.0173450718801359	0.00123729636055332	0.035583581838054
11349119	0.271293951854072	0.277584576242266	0.143267604203669	0.152288398922675	0	0.0755384869215272	0.0240832443305775	0	0.0559437375252131
11353057	0.221396037524447	0.134406580065045	0.208669583686272	0.254192187245459	0	0.0936675710514364	0.0159371372709417	0.0187144047223007	0.0530164984340978
11395417	0.314189343639212	0.262047939268685	0.122604479741947	0.187613520399902	0	0.070942941783618	0.00747255182409659	0	0.0351292233425386
11399321	0.325193785148486	0.0636508909912505	0.100503585556073	0.356260256169287	0	0.0987640855642509	0.0228281161360345	0.00368554455218389	0.0291137358824338
11409232	0.238485593506213	0.217807075722507	0.12343860503314	0.253197977638814	0	0.084833475236982	0.0188010289731755	0	0.0634362438891685
11413170	0.264435064591602	0.189712940573817	0.121377364783092	0.27568483214204	0	0.0942148942703237	0.00427469408287975	0.000489723618648969	0.0498104859375962
11430815	0.189213110364335	0.250650537767751	0.197180182231169	0.216941255681376	0	0.0799495460258174	0.013023208390534	0.000108915280518011	0.0529332442584998
11440263	0.216533261477862	0.309174165278265	0.0816724429622706	0.193785843631824	0	0.127672944141467	0.018489803914691	0.00539069358461265	0.0472808450090087
11444465	0.25549856121491	0.288377376772159	0.177859583973248	0.128179830780934	0	0.0918908466727622	0.0165641626528021	0.00709585084311156	0.0345337870900737
11453772	0.256460487518114	0.227438357292668	0.177397799602223	0.232486805503409	0	0.055212217645154	0.0145078309015014	0.00388104208182227	0.0326154594551084
11455530	0.154445209434413	0.171022523882209	0.138373721102592	0.309464233224964	0	0.148898393660901	0.0224309909392994	0.00175818260348269	0.0536067451521391
11460357	0.212994897040554	0.254021438799574	0.131277806903377	0.214627852357716	0	0.113579015339186	0.0254506233849957	0.00178105681695585	0.046267309357642
11464261	0.338307986226459	0.148368795773016	0.135544453233742	0.247588246206222	0	0.0817696457161276	0.00752184273292111	0	0.0408990301115129
11466579	0.25716641398022	0.250552933169445	0.175263422822675	0.186470500270335	0	0.0832757343439948	0.00869252358874808	0	0.0385784718245816
11467746	0.137634532535534	0.339601590882109	0.129471079434984	0.203701278813395	0	0.124302506377121	0.0113308365219249	0.0066452098691591	0.0473129655657724
11469504	0.257269510866654	0.264240710197895	0.131576149628513	0.208288977904747	0	0.0905007197417167	0.014976117763493	0.000317785691118303	0.0328300282058627
11471260	0.349189281053677	0.396967053742156	0.158159380130718	0.0366061860692027	0	0.0340019297217905	0.00456972826593933	0.0011603655022741	0.0193460755142423
11606935	0.255778010180697	0.254112477567441	0.226272275470093	0.155882088118797	0	0.0582658694709372	0.012839864155406	0.00594005413297609	0.0309093609036529
11615242	0.272924384542917	0.232546551742061	0.152130343932692	0.191245751515824	0	0.0686854581285196	0.0207159457202897	0.0164755288816099	0.0452760355360865
11616707	0.216880827138616	0.210962306032266	0.15909997626663	0.229738032357618	0	0.100827689579509	0.0215373483074922	0.000364521248031467	0.0605892990698365
11619606	0.16134763532243	0.138348049604762	0.239186792002062	0.271677758446116	0	0.112697157403113	0.0206267947410355	0.00789652245217132	0.0482192900283099
11624423	0.244959527028933	0.307083671798474	0.126965333492284	0.143870904237523	0	0.11963719253715	0.0170511399322951	0.00242241859592761	0.0380098123774126
11631558	0.24528388749721	0.125875898366887	0.183823941103935	0.241721945468818	0	0.147861295029905	0.0175079833521284	0.00338968352051204	0.0345353656606042
11632851	0.281509566124606	0.23323688399775	0.159391192352168	0.183147583169926	0	0.0843996280261606	0.00696248698562981	0	0.0513526593437586
11652071	0.243469932840055	0.327823782024078	0.1239058695666	0.161124711755824	0	0.0917084710177958	0.00912159608357263	0.00324173711751043	0.0396038995945627
11681508	0.176117065967515	0.18526776959505	0.207105588996632	0.220280092602315	0	0.124909711901244	0.0188814591862985	0.0117295623676532	0.055708749383292
11697592	0.211040974380472	0.360326170076966	0.160229948065715	0.1711066484552	0	0.0636526699695767	0.00878374786692753	0	0.0248598411851437
12365619	0.178281171007122	0.219867461667738	0.258948294639362	0.16689760253505	0	0.0883766947915122	0.0262510999660989	0.00240754461651928	0.0589701307765972
1243685	0.215200379228985	0.237668160837741	0.14039097504308	0.267204964049711	0	0.0779499664074001	0.0245677205178366	0.00236725664583986	0.0346505772694059
14184286	0.207599095315964	0.197777840682292	0.259218796324478	0.191771310171227	0	0.0763340329975479	0.0196045080894178	0	0.0476944164190734
14498577	0.220738183061847	0.440392767099102	0.0911803087583446	0.121845625390763	0	0.0568074320892356	0.0163899191552592	0.0183229650970448	0.0343227993484037
15113169	0.240349358015211	0.174154808311119	0.1767999497627	0.234016918132928	0	0.0795653606953849	0.0217692249042441	0.019960997585984	0.0533833825924286
15114174	0.230350315496943	0.234172326342886	0.166727884635008	0.194852538514955	0	0.104725840166247	0.0105675063351814	0	0.0586035885087786
15115927	0.265948601661113	0.245669355461987	0.12637628806811	0.205705464676955	0	0.0865060531054437	0.00787133996755254	0.00642199001449303	0.0555009070443458
15121461	0.203899516565365	0.215604687826476	0.219202849242763	0.188555055999544	0	0.0959547235663671	0.02427069335037	0.00438192179378024	0.0481305516553347
15138884	0.196683201571389	0.311063165321461	0.159720822559227	0.180195582817707	0	0.0786175458017837	0.0306106002268188	0.00358879828674359	0.0395202834148698
15144878	0.256998534243149	0.284884518958279	0.145688357144582	0.193760423136661	0	0.0697066828877885	0.0118405436754769	0	0.0371209399540637
15161351	0.237268949773199	0.28718493039702	0.143563071955725	0.21178979118393	0	0.0484667275611661	0.0210669099620357	0.00510990142321028	0.0455497177437138
15176592	0.247733468510582	0.400215288082801	0.096809326943463	0.116578002871118	0	0.0955705913014185	0	0	0.0430933222906178
15218541	0.229866415059483	0.287559487994243	0.158049171737655	0.186807929759026	0	0.079614887025861	0.0140153456554436	0	0.0440867627682878
15387421	0.211134265182675	0.251797223529959	0.216288908807153	0.166809302440737	0	0.0850577858837162	0.00157727121341731	0	0.0673352429423428
15420223	0.217453997814719	0.328230971472684	0.133578615011225	0.198921980246125	0	0.0658625604709469	0.0207302348605532	0.00475881549828552	0.030462824625461
15495024	0.163660578712199	0.123380953588581	0.255626680526692	0.261796015865955	0	0.120577992339875	0.0230557321241877	0.00139434971064265	0.0505076971318671
15712086	0.225467839771823	0.296122013628103	0.122333846130187	0.210276780026452	0	0.0922413438629932	0.012394139311927	0.00488815361723421	0.03627588365128
15738428	0.261071202459986	0.252592815236502	0.156338136501371	0.171476148766776	0	0.0821787927627841	0.010463851175519	0	0.0658790530970614
15844425	0.263792791010838	0.316212763676212	0.102554233596555	0.193704297464998	0	0.0762783393761794	0.00922310911783678	0	0.0382344657573806
16513683	0.244496614822586	0.140105871110531	0.187544543191363	0.220400965613576	0	0.130146175112187	0.0266971322370195	0	0.0506086979127379
17219510	0.206541368519068	0.209637458790643	0.178807387083669	0.208997331320952	0	0.113683176804809	0.0126593524982751	0	0.069673924982584
17929065	0.260436848267474	0.275218945104941	0.138946967984137	0.148809625294133	0	0.0931741157879618	0.0233571042068794	0.0101166822565125	0.0499397110979615
18414513	0.20230806376406	0.19441012783524	0.18292244316393	0.276513863253477	0	0.0810828158823282	0.0167136708013024	0.00134791737799118	0.0447010979216711
20102505	0.222837843805523	0.249792809369696	0.249106881157795	0.184448848541523	0	0.0566927226757876	0.00637040683583264	0.00323658701420533	0.0275139005996373
20104101	0.198115824640704	0.182091107665834	0.191302872043306	0.255619232356399	0	0.086569463911699	0.0295346969404711	0.00580756182061257	0.0509592406209739
20105242	0.262086148412797	0.269412082813684	0.139264484446712	0.17703612209876	0	0.0746980810825528	0.0234190261296549	0.0180616907863738	0.0360223642294648
20115276	0.228534051560363	0.219144864522714	0.14910220712322	0.241176860269306	0	0.081075182232957	0.0177703689468979	0	0.0631964653445418
20120255	0.28380519857727	0.282490295070942	0.167505285495666	0.132708462252262	0	0.0830746161013734	0.0141259965857024	3.64553893518087E-05	0.0362536905274337
20124321	0.19297703291058	0.257421263477498	0.191082306326306	0.230600887585064	0	0.0643692805873411	0.0249740005533913	0.00298351674728094	0.0355917118125387
20139562	0.201476981935027	0.184999570098396	0.172168342251664	0.262681583116263	0	0.105499784458292	0.0247104243319961	0.0057615188948218	0.0427017949135397
20139850	0.240185161286642	0.347427494206922	0.119065837129861	0.165078392935881	0	0.0725447870579469	0.0121445943828696	0.00558747649451363	0.0379662565053635
20143248	0.203727636012813	0.191899208007926	0.266899544636289	0.192764080645422	0	0.064601994688795	0.0402552189262304	0.00119832766604708	0.0386539894164777
20147026	0.323693583257129	0.304870898224624	0.103873381554969	0.136545338424147	0	0.0956055003003064	0	0	0.0354112982388242
20147440	0.202880163168538	0.259190160838127	0.198344596308229	0.229752504173976	0	0.0603021105456716	0.0089236617880097	0	0.0406068031774485
20148879	0.294897753655304	0.240643032974411	0.139683673963435	0.184949909699798	0	0.089469173456803	0.0120999612638879	0	0.0382564949863625
20149910	0.275102387886297	0.201419208460984	0.121444335654399	0.229968551112696	0	0.117538302668249	0.0146347484370923	0	0.0398924657802831
20151388	0.204635357195543	0.226465827546255	0.231197639423142	0.229416085908724	0	0.0434734656167364	0.0144694114699993	0.00761311910885499	0.0427290937307453
20152393	0.276187133725603	0.249717903323689	0.198245456819087	0.165458272069031	0	0.059188766987769	0.0139901972909774	0.0048283143429654	0.0323839554408781
20154287	0.298260175263849	0.191832337369693	0.171391030420794	0.157369983434755	0	0.109898747902693	0.000382000623711644	0	0.0708657249845038
20156469	0.209062302824619	0.185282636933846	0.188944751284109	0.179635874725412	0	0.155196340894764	0.0186653406234936	0.00360527068692203	0.0596074820268342
20171508	0.248632683135875	0.278644038627416	0.161070310173222	0.165486358576836	0	0.0845836657760176	0.0160645595792764	0.003031262147307	0.0424871219840496
20173942	0.237401056560008	0.227384536617096	0.19493228623332	0.150928877588707	0	0.11431336490063	0.0364739740667583	0.00589465802557847	0.0326712460079024
20174533	0.185352365404197	0.159111701719779	0.171793002051761	0.308413675489596	0	0.0994264822281807	0.0270249228002422	0	0.0488778503062447
20177982	0.251179109512189	0.312742367242957	0.177232425631852	0.126317755840597	0	0.0791383265286764	0.0119823015998728	0.00177373342648496	0.0396339802173713
20178447	0.207608086134963	0.209447681379535	0.1942426083695	0.153470469833187	0	0.179248189367177	0.0179115358457386	0.00284478749091838	0.035226641578982
20179164	0.207590825088983	0.279735031332857	0.12840984401824	0.268942151098587	0	0.0605463837193604	0.0182415854971711	0.0046380358311489	0.0318961434136517
20185860	0.256581130269346	0.414396966662792	0.0960412708294054	0.131928406337948	0	0.071025293030633	0.000714806861506053	0	0.0293121260083708
20187042	0.243731586576902	0.293179493591298	0.175981782808829	0.181648146607263	0	0.0541354661283526	0.0105289272762847	0.00379384853413089	0.037000748476941
20195344	0.195371939932121	0.247362027974148	0.244954493003944	0.192709750348735	0	0.0703060419222691	0.0158420366228766	0.00109322287990536	0.0323604873160009
20197364	0.208239937921704	0.282570522906009	0.170846864392457	0.170669819265322	0	0.0922037631056617	0.0266611523462699	0.00329024587584615	0.04551769418673
20201189	0.197968117230106	0.202836938021242	0.150212802918593	0.197894379366208	0	0.183816421841359	0.0132449111126998	0	0.0540264295097922
20201927	0.235725950858422	0.245078618533621	0.141289385229832	0.193828740687752	0	0.1140689618476	0.0136268505361436	0	0.0563814923066287
20204538	0.255978727756447	0.266673705508489	0.159694818980497	0.187683664526708	0	0.0881095015592807	0.0025248807968422	0	0.0393347008717368
20205705	0.228582679264289	0.241311489111944	0.226717996063326	0.194228379699931	0	0.0421399162501021	0.0165715245503902	0.00696567391434928	0.0434823411456691
20207013	0.155022185091294	0.213205232922759	0.210691696139929	0.264031511966187	0	0.0832330608038884	0.0239359818122828	0.00401376980672088	0.0458665614569398
20221273	0.327924605737466	0.242785935131068	0.162669613961457	0.139603837976958	0	0.0829525053994818	0.00134090725563677	0	0.0427225945379324
20225925	0.30303690665303	0.32267680154303	0.159072747291447	0.117533331883966	0	0.0524545924950918	0.012251637370795	0.004684999198066	0.0282889835645743
20232474	0.20468022715024	0.221483170271319	0.181160411657495	0.234490506319295	0	0.111255685381022	0.0105180554326897	0.00302429809464643	0.0333876456932928
20233939	0.154117875281961	0.118814308191565	0.233625129696107	0.343391089451474	0	0.086336023081655	0.0180226685996038	0.00537245700890413	0.0403204486887306
20240514	0.248651539336944	0.229412248772817	0.154024842025763	0.210532477590688	0	0.085919080961424	0.0162378840863089	0.00238109434963803	0.0528408328764171
20242958	0.254145967167133	0.23674181893919	0.198295195978054	0.187376333531545	0	0.0638879002154119	0.016350333632944	0.00891361633687388	0.0342888341988476
20244554	0.292841627545243	0.272639706331288	0.123997874691623	0.166464205272296	0	0.0954599276049263	0.00137203367163176	0	0.0472246248829909
20249897	0.222317309313247	0.345688847689829	0.1777604364018	0.165780699455298	0	0.0538526254934353	0.0049078459851873	0.00300675883514532	0.0266854768260582
20251553	0.170353954874564	0.274036482385237	0.221210180795968	0.155723951714503	0	0.0900460963558441	0.0282605582799095	0.0130512067087498	0.0473175688852238
20252720	0.297819372276468	0.205892448575742	0.134779878138359	0.220399061199251	0	0.09267031279323	0.009552678757618	0	0.0388862482593313
20254164	0.186848815753176	0.173720251549465	0.126556298123881	0.326266710424928	0	0.1362846764996	0.0127277515698441	0.000991477442975446	0.0366040186361303
20254876	0.192241411379571	0.173763765682852	0.190878978615323	0.23985310543437	0	0.122073611282598	0.0375951719185266	0	0.0435939556867587
20254902	0.207030750957713	0.155969650689894	0.259202277745716	0.231792406755399	0	0.0862420636393911	0.0169914278760489	0	0.0427714223358385
20260284	0.18976354892988	0.19810567043288	0.180233793084524	0.289286071323212	0	0.0743808690615177	0.0164477940822596	0.00545019983174415	0.0463320532539826
20260734	0.16797904097668	0.14374144126695	0.223495114642998	0.345048094078964	0	0.0497152821435209	0.023967619391365	0.00431097508571729	0.0417424324138044
20261901	0.243820082490625	0.162240865842772	0.15049790721302	0.29228555813712	0	0.0689908525560242	0.00946552120517527	0	0.0726992125552631
20263921	0.162872130637406	0.164712491292564	0.241459752213936	0.280422041932112	0	0.0573467905743828	0.0364162002508084	0.00653598031369631	0.0502346127850946
20264936	0.281972954166179	0.328640980632572	0.109770301728142	0.135698745688666	0	0.0952262845345804	0.0033940293767893	0	0.0452967038730721
20267709	0.227383821673483	0.103206491856349	0.195490225661302	0.258156351269917	0	0.116198459436999	0.0473862728555127	0	0.0521783772464373
20270768	0.272134533077025	0.239513934140928	0.150675366267519	0.159291854009281	0	0.102331682791317	0.0117569822856563	0	0.064295647428273
20270920	0.28912777137802	0.373348095915461	0.103450083073207	0.126025927792164	0	0.070027624223926	0.00509053389154257	0	0.0329299637256788
20271359	0.279530815583474	0.302374001579818	0.148272309031305	0.146920744829277	0	0.0692608705460684	0.01449642073386	0	0.0391448376961971
20275399	0.227284675517829	0.220002324326812	0.186578994823233	0.258235266299723	0	0.0588948627772765	0.0150259158749326	0.00230666950613863	0.0316712908740558
20280666	0.202594597125368	0.255595973933392	0.123988865027116	0.267668224066084	0	0.0884578848252643	0.00852593340078753	0	0.053168521621989
20297791	0.270323387494371	0.237045646243433	0.135205796620241	0.232193516606633	0	0.0739685286412958	0.00824660135881934	0	0.0430165230352072
20299973	0.211397562042641	0.21772936735865	0.216105200610892	0.175850090203373	0	0.0957785438291691	0.0265201806619536	0.00492993107849496	0.0516891242148273
20311676	0.271540711122714	0.238367620936084	0.157795904564992	0.196545874697195	0	0.0847591281435388	0.00864052209128088	0	0.0423502384441958
20344143	0.235340067061926	0.214008413298777	0.177159952705193	0.156846318630703	0	0.125164880605649	0.0340731251464005	0.00695020638532492	0.050457036166026
20358955	0.278058523736758	0.355729106688933	0.121679376599299	0.125632621731535	0	0.0729077965613487	0.0117465109246054	0	0.0342460637575216
20365116	0.17921274160576	0.148828884040927	0.156089320828118	0.25261108221728	0	0.170186349728058	0.0297486882995818	0.00954601315398076	0.0537769201262936
20376029	0.212189189391515	0.157119984148161	0.160217229930184	0.202407042498288	0	0.180645065112063	0.0223219771073523	0	0.0650995118124365
20390027	0.232921929750542	0.180844013386319	0.184540323915435	0.132088790775749	0	0.174860977404613	0.0406384050140165	0	0.0541055597533255
20399274	0.266123027442091	0.186096828579641	0.163908615958472	0.231006749576928	0	0.099373601451464	0.0127025047209795	0	0.0407886722704249
20416210	0.270592895795356	0.230485719021799	0.122628848770201	0.22676968506492	0	0.0818117643267677	0.0214013505408155	0	0.0463097364801418
20431359	0.200303502757125	0.121987529967652	0.198142791787236	0.363434992378438	0	0.0502146902534088	0.0192762394528474	0.00921805456524226	0.0374221988380505
20453625	0.307088589466491	0.300122079862317	0.169330272868673	0.127335819807407	0	0.0570571174146875	0.0112514515796003	0.00223037565055291	0.0255842933502723
20455807	0.194991906591427	0.139762168787419	0.235187030807421	0.264787133802063	0	0.0977789072321071	0.0157223535403603	0.00758582092238553	0.0441846783168167
20487369	0.250092985124212	0.333433074400586	0.116923289354133	0.155416308084933	0	0.0849615663836048	0.014082336844913	0	0.045090439807618
20494368	0.251490673861076	0.175078491882359	0.149862776208544	0.25803568826292	0	0.0946775688381148	0.0148899588056404	0	0.0559648421413469
20500815	0.280689804416252	0.36196704717353	0.079974146199625	0.127242851649438	0	0.0787136126143803	0.0179845483589195	0.00616019428322313	0.0472677953046312
20501668	0.197725610075033	0.278071387801862	0.142234406989242	0.2159518038395	0	0.0912651955458745	0.0258447297733468	0.00568701846464913	0.043219847510493
20504017	0.225653597862017	0.220556035535944	0.16200728436351	0.250291985375679	0	0.0757393041241025	0.0242990511486964	0	0.0414527415900507
20521752	0.201921912118705	0.290852664324197	0.111225186764718	0.237277718849129	0	0.0963308202020623	0.0110641809065454	0.0083011167483288	0.0430264000863141
20532115	0.210303337451353	0.273941173627554	0.155388428795791	0.227831447163286	0	0.0653726086483366	0.0212804933183041	0.008048407834113	0.037834103161263
20559562	0.275346850450315	0.185775437923104	0.184690148219835	0.210031620694935	0	0.0792554533435483	0.0159390503774428	0.0106275860805849	0.0383338529102353
20561642	0.163558919251479	0.15449728110258	0.320493985589116	0.150669565384067	0	0.131240110542977	0.0238248080412965	0	0.0557153300884838
20569910	0.216605805381389	0.25835654114757	0.144181461776725	0.188292482795475	0	0.125793481839655	0.0175232745504529	0	0.0492469525087329
20583594	0.302948524978697	0.242446148606267	0.137781479838766	0.209267849479255	0	0.0656340292394875	0.00377365834147569	0	0.0381483095160511
20584923	0.188076498819594	0.141322407389285	0.17243916506298	0.356904733837807	0	0.0670713718443073	0.0306507247643723	0.00502934598250335	0.0385057522991499
20594407	0.279040955369369	0.262275321019389	0.144723295803175	0.204526563600507	0	0.0715502188179808	0.000968114686522363	0	0.0369155307030574
20602974	0.264664633755536	0.24624201127862	0.130836245227653	0.201874910838772	0	0.0972310142231367	0	0	0.0591511846762835
20603141	0.209039013541293	0.199196040163473	0.148514720865923	0.202878634120561	0	0.144922871181538	0.0248648498408251	0.0107695027097483	0.059814367576639
20610726	0.270980343163799	0.16675479884182	0.271493073305443	0.171153496888371	0	0.063967913486072	0.0184437558975562	0.00462020139804185	0.0325864170188969
20611993	0.217282789439779	0.231679712195455	0.110321552215352	0.280063468350444	0	0.0913272750023388	0.0189887253532055	0.00874767386948307	0.0415888035739425
20630946	0.292549003098491	0.284760475933703	0.143913796029128	0.175503304689569	0	0.0528340980902166	0.0152156518633983	0.00192032268901581	0.0333033476064775
20646778	0.225337212551567	0.200472620640446	0.230014404171837	0.177214740865778	0	0.0950932260439663	0.016934992665874	0	0.0549328030605322
20656964	0.262266236347712	0.276999360703104	0.0986654896682777	0.22130433970616	0	0.0751903100499004	0.0166284533759663	0.00830554255858442	0.040640267590295
20665307	0.273047429701019	0.222965149208944	0.177268862729596	0.192912291329976	0	0.0799962373482857	0.0118067779264207	0.00495357032783515	0.0370496814279234
20674902	0.185906706167864	0.194979776503779	0.198624529679629	0.277763636276651	0	0.0588245004033596	0.0257270917547503	0.0111010293178968	0.0470727298960697
20683921	0.185762725469953	0.258706167544459	0.131228688891579	0.164654085571099	0	0.176894924354599	0.0276659357278114	0.00424848721676904	0.0508389852237312
20706215	0.152791219156235	0.073420097848427	0.227987465715808	0.313192926039831	0	0.118192475872947	0.050097435889676	0.00695722079886739	0.0573611586782075
20726273	0.239290130560233	0.181899400333357	0.206904739055723	0.218884423145913	0	0.0874311823398822	0.0180184422203959	0.00732334341377328	0.0402483389307219
20730959	0.232520188187782	0.263099094340971	0.162772237609653	0.190101727750823	0	0.088718124617979	0.0117106956237257	0.00710258571541657	0.0439753461536497
20767628	0.328660245477774	0.376642608744301	0.155111844759134	0.034375295655213	0	0.0556279126250399	0.00923959491799604	0	0.0403424978205423
20774339	0.253268976172008	0.257864401545953	0.14615273890246	0.213214106363439	0	0.0717313892564441	0.0199577151599466	0	0.037810672599749
20779834	0.186317185983577	0.1471606899927	0.149202493181197	0.326453542338608	0	0.107096458279193	0.0190243176571797	0	0.0647453125675448
20780035	0.190056451362831	0.222908960848524	0.169357636230097	0.28396830893054	0	0.0592795804162099	0.0283342265781069	0.00587426974953415	0.0402205658841562
20798913	0.181198688037964	0.135448790173314	0.261263175198293	0.153874665832915	0	0.208805344799939	0.017965881985949	0.00745897523934801	0.0339844787322782
20800682	0.177202062695541	0.231605812005879	0.141770800453879	0.146414408895568	0	0.208117017664482	0.025956840518659	0.00433109724474521	0.0646019605212466
20821943	0.193293946663634	0.224654885245173	0.141380840460297	0.236001729208796	0	0.119899893908104	0.018355509901876	0	0.0664131946121197
20834164	0.230254927523849	0.214289917081066	0.194005890912818	0.213765903892267	0	0.069358145910881	0.0164225998132709	0.0206375369139989	0.041265077951849
20865035	0.220561966103803	0.195012525410776	0.162549742308684	0.243417361149961	0	0.0854541022731056	0.0338011857353909	0.00930877919485413	0.0498943378234256
20898476	0.254098007474954	0.203337172576481	0.165662046258669	0.244271446725261	0	0.0644117202321821	0.0151194867772147	0.0147860266588886	0.0383140932963494
20904509	0.293447889284572	0.247985593923559	0.138331123515256	0.18054544784785	0	0.0862018510463799	0.00177970544389129	0	0.0517083889384914
20906079	0.209444839488043	0.104028533694067	0.230909277659439	0.354254627828378	0	0.0374410442665851	0.0191351963937179	0.00308028161318235	0.0417061990565865
20906493	0.17046706476478	0.173283792070548	0.107474886677217	0.282484491275948	0	0.173092784481388	0.0182824144903281	0.0218319922553873	0.053082573984404
20907246	0.253609688068941	0.245801357847203	0.13676596071957	0.174149157716971	0	0.123710564989824	0.00482648912741011	0	0.0611367815300811
20914669	0.261914264007872	0.293470933952578	0.187750962114854	0.135147614923835	0	0.0754668922553477	0.0112286065844465	0.00212912339668805	0.0328916027643788
20922259	0.243512500661162	0.241483508244174	0.133657418943189	0.273346601736012	0	0.057954380106192	0.014190897567874	0.00232353317470707	0.0335311595666889
20925996	0.190828144354698	0.190642258130598	0.175770420771058	0.287151405205391	0	0.0765478243752155	0.0312304526444574	0.0111444894927212	0.0366850050258613
20933324	0.228043535306153	0.224878787897985	0.14126100837116	0.254767833818701	0	0.0912950503248672	0.0129961891072541	0	0.0467575951738789
20939708	0.284959677084609	0.322811053610003	0.183091778825039	0.0617915017021089	0	0.0894928470852955	0.00852167292443855	0.0038866669666032	0.0454448018019024
20942767	0.23744640364305	0.253013581004866	0.12948564971112	0.191933709516282	0	0.118591436380122	0.0133551092738573	0.00772822563299603	0.0484458848377073
20944237	0.320771097416761	0.218796574992085	0.145480550702758	0.181915391973503	0	0.0935008211074963	0	0	0.0395355638073963
20945666	0.2192694860284	0.243480007394643	0.171294176025673	0.219036122270235	0	0.0922236654534346	0.0244833801761186	0.00117703848214251	0.0290361241693536
20946257	0.214029225941838	0.176230859144067	0.191464610851413	0.268421375142215	0	0.0872979642896143	0.00958683523385554	0.00734001837778161	0.0456291110192153
20946545	0.238050566911406	0.348442961644397	0.111908283809117	0.179570996372078	0	0.0821310366571377	0.0110569306024306	0	0.028839224003435
20956605	0.264036665834125	0.240866422071612	0.161297745490069	0.17776322331396	0	0.100727299563401	0.00950491644294812	0.000195431368871158	0.045608295915014
20956867	0.409695969366225	0.0719836564811772	0.0808850930776039	0.227231071541565	0	0.124202095534687	0.0322374021309295	0	0.0537647118678117
20963578	0.169404342403922	0.267073147556533	0.187434423145608	0.1671142150685	0	0.120104339369576	0.022487000500319	0.0054402319140798	0.0609423000414609
20966477	0.224674152976902	0.303416492868793	0.221775140958295	0.121573145237459	0	0.0678863277382816	0.0203641419317758	0.00594874479968981	0.0343618534888042
20969088	0.302077920940318	0.198422878995342	0.131516702877184	0.191440256204371	0	0.084133303266033	0.0305433674263016	0	0.0618655702904511
20970441	0.172076879138722	0.309702118359041	0.170319027843743	0.168952543747875	0	0.0945737136701876	0.0167493336272202	0.0131493898876335	0.0544769937255767
20974481	0.296543394155455	0.267923619022696	0.113870024384775	0.144554694193298	0	0.107843903054374	0.00635800394120771	0.00321670365480383	0.0596896575933906
20977678	0.200917095343857	0.141227807646119	0.217224982564819	0.284260552680989	0	0.0765209745276912	0.0312382462200075	0.00245995008478599	0.0461503909317309
20983400	0.208267783817756	0.264646044117369	0.189988090548857	0.161438154215207	0	0.112323090248899	0.0228951919247142	0.00138072375036429	0.0390609213768344
20989910	0.292980672400273	0.386595152754668	0.104574263158541	0.111768105862665	0	0.0683534799400378	0.00159896515501702	0	0.0341293607287987
20993308	0.191236277968683	0.261908321475229	0.172618631673267	0.2255026634517	0	0.0830567741772618	0.0134923237275628	0.00270824708574573	0.0494767604405505
20996621	0.229976218178258	0.259767487511558	0.146335771721398	0.219859526055693	0	0.0798197703832535	0.0129332133316193	0.00131026043914071	0.0499977523790792
20998065	0.387099277965238	0.339321216638797	0.157073839680079	0.030481194373304	0	0.0334298180393479	0.0201397010514441	0.00414247803011503	0.0283124742216752
21000180	0.277178364359891	0.203139866013766	0.183161276229641	0.186062208494646	0	0.0836694502526294	0.0144463661774814	0.00440437432837252	0.0479380941435739
21000504	0.17681816248068	0.21622991039822	0.161009865768873	0.214187665487405	0	0.15104104322776	0.0140644956470663	0.00295086279547159	0.0636979941945238
21000630	0.129269722384419	0.226419353475185	0.155634737843655	0.28740305030973	0	0.0907763808713793	0.03438925263904	0.0106371731928607	0.0654703292837309
21001519	0.192791837564082	0.294580314009584	0.122328689914293	0.226842522848416	0	0.0738105886133775	0.028082250364397	0.00968203615302907	0.0518817605328208
21001807	0.214685733243046	0.219989465027208	0.172734448562561	0.190059224614078	0	0.132463588619597	0.0192029972970749	0.00465504689342929	0.046209495743006
21001933	0.25768046614783	0.229006390829355	0.147939710735928	0.199130382563012	0	0.106173304128796	0.0142025155800549	0	0.0458672300150243
21002524	0.244469446307797	0.118052527640545	0.17253393912369	0.249870596582969	0	0.141436512202012	0.0120194443214279	0	0.0616175338215582
21101658	0.164698739164265	0.295168924795735	0.243602472021673	0.132574967891557	0	0.0939576914577199	0.0175925408700953	0.00666059616741766	0.0457440676315369
21112011	0.26283139075702	0.301583747454484	0.136793147176693	0.184469859060694	0	0.0605934922979525	0.0160704430595218	0	0.0376579201936352
21117192	0.277176748769088	0.25537914887161	0.149113335462242	0.190931263708233	0	0.0591612092951429	0.0157499126848049	0.00896584072732148	0.043522540481558
21126085	0.315041093866058	0.317253955866174	0.100193422587331	0.15468797911278	0	0.07630646457982	0.00335824192774004	0	0.0331588420600963
21138877	0.229786418876717	0.406546730728579	0.15232802878358	0.115419893411039	0	0.0566661134690312	0	0	0.0392528147310531
21140119	0.149371822443928	0.154930141302288	0.264304674635577	0.280451588802988	0	0.0731217635696877	0.02738425152079	0.00742177869250142	0.0430139790322397
21155350	0.115981901804678	0.108079536083093	0.297753417566365	0.239409496987458	0	0.139527865490592	0.0334742433756986	0.00527732994297293	0.0604962087491422
21157370	0.254314672256495	0.202430150455948	0.201488616588941	0.132823359252413	0	0.114973056014956	0.0281345981591178	0.00652239691002573	0.0593131503621017
21174303	0.211648781809459	0.268160755881872	0.13395489972785	0.250072310263113	0	0.0828660670866164	0.00654629771934193	0	0.0467508875117467
21176459	0.215286621633521	0.503267655194663	0.0910535632629468	0.078581065547222	0	0.055086510445177	0.00913843939415604	0.0158452328595533	0.0317409116627606
21181988	0.231866894574166	0.329973505394282	0.123859125581926	0.18082293251312	0	0.0737164855481906	0.0254890437364787	0.00076833520890061	0.0335036774429357
21183160	0.152649929460834	0.137305454438465	0.188587455725338	0.230997226058327	0	0.181256601894367	0.0336101724569984	0.00728577282027924	0.0683073871453921
21185180	0.273490797061711	0.198672030953362	0.152450109755354	0.238212707916201	0	0.0796610867892043	0.0185881197627741	0	0.0389251477613934
21189544	0.238443461930953	0.374174803169907	0.0969268660671278	0.183165566149752	0	0.0628322500832709	0.0078484216005326	0.00540242065958137	0.0312062103388762
21191200	0.290654167219254	0.258874875036947	0.150506965726613	0.178195764659098	0	0.0753564816608119	0.000812067804728556	0	0.0455996778925476
21193068	0.243983106320667	0.434862237333512	0.07789973778765	0.120601060689881	0	0.0749687583437525	0	0	0.0476850995245385
21232244	0.23695691747911	0.222816088514735	0.179785360195104	0.225063101092646	0	0.0725242122481852	0.00671135852656583	0.00339778995522361	0.0527451719884313
21272396	0.266496756913157	0.202269558362632	0.191205428529121	0.207193350853018	0	0.0588134026680906	0.0217143838909265	0.00208123328482296	0.0502258854982317
21274280	0.213815038228327	0.196135193081084	0.120575795898817	0.27166364431464	0	0.104602495254792	0.0441373444236375	0	0.0490704887987025
21274866	0.221030674529019	0.347870492788533	0.197124232085144	0.144229096924017	0	0.0512599384655401	0.0127510023918354	0.000261149892144542	0.0254734129237685
21293107	0.167587409164324	0.134661822408293	0.156813526137245	0.293179498511501	0	0.14377891302509	0.0315986621840566	0.018031860687554	0.054348307881936
21362537	0.34706948308946	0.293138910606278	0.165319505647771	0.0727714318683027	0	0.074855834558981	0.0149627579551323	0	0.0318820762740749
21402016	0.274574825189583	0.264790705086999	0.195403999336242	0.151233449946987	0	0.0636614701411918	0.00918116717830633	0	0.0411543831206913
21402304	0.21230828319379	0.238486286196736	0.146991124406227	0.235394532863903	0	0.101943121964703	0.01324559331866	0	0.0516310580559816
21403733	0.265187119352197	0.188806432410775	0.165784465730919	0.23055802282966	0	0.0760517903541859	0.0112429896622621	0	0.0623691796600001
21405627	0.303296574434136	0.188764320175845	0.224930218592372	0.149039247984268	0	0.0625969285489751	0.0124468170315043	0.00299714805390953	0.0559287451789902
21407511	0.228763372873439	0.181814828645316	0.198507172988487	0.229717931551354	0	0.0878747774167142	0.013151888589378	0.005220376580458	0.0549496513548543
21411297	0.185417752760279	0.168302364137546	0.210511059589719	0.290913309264009	0	0.0770617803751256	0.0218080210309946	0.00654637562626746	0.0394393372160601
21411323	0.26495242005541	0.329785062690354	0.201760985149045	0.0853938353861468	0	0.0595197703248117	0.0187679007953716	0.00498973997976141	0.0348302856191001
21411459	0.22921879890017	0.210072902070828	0.142063144560073	0.180629536948703	0	0.141013397754261	0.0193061088211382	0.0194508418422534	0.0582452691025727
21412752	0.241561427951037	0.261776724676581	0.125998077235519	0.156787192773702	0	0.135558326655501	0.0155761674982286	0	0.0627420832094326
21413181	0.191645921079365	0.234565681162686	0.181285149815965	0.182838091415778	0	0.133841537142038	0.0157623632110634	0	0.0600612561731055
22101842	0.289189790626472	0.313929161632834	0.0976285916172105	0.176400365015279	0	0.0683698466053161	0.0142542459027118	0.00520937875541743	0.0350186198447594
22776575	0.208029282640168	0.258785504569778	0.149355076620109	0.257554814255547	0	0.0671707359610189	0.0142544280083064	0.00715673600358645	0.0376934219414871
22868024	0.198827512620631	0.206265064054098	0.146804606714895	0.297449362587729	0	0.0809813411538143	0.0164006612196504	0.00501560332021257	0.0482558483289698
23004922	0.203883165450009	0.209351921905423	0.204784161771768	0.220874294885269	0	0.0808821098052976	0.0224626899706965	0	0.0577616562115368
24039289	0.21225062859107	0.150851179782288	0.215788234393679	0.302439336781449	0	0.0480043820530831	0.0157965446563183	0.00527986253968308	0.0495898312024299
24310553	0.2387098812721	0.209190335406303	0.147881717202743	0.253391808843877	0	0.0858258924568492	0.00796339542594527	0	0.0570369693921825
2525608	0.245016320664865	0.219953225525599	0.170265570017992	0.178069204790683	0	0.115539384956367	0.00701738983139835	0	0.0641389042130954
25300551	0.167716851244472	0.299578366006455	0.133258823188017	0.230910090470751	0	0.106800474675461	0.0136450593825464	0.00913282067711959	0.0389575143551765
25580771	0.186048069495323	0.137921565597803	0.216219334560459	0.214835439717196	0	0.158032113535561	0.03659406922981	0	0.0503494078638481
27313862	0.209903067276428	0.250829755746136	0.186308692360768	0.234988209212469	0	0.0600577168385349	0.00938620150682707	0.0024243299134636	0.0461020271453737
2899847	0.216451306921342	0.212400972344548	0.169017310048195	0.230225273148384	0	0.0681893147067303	0.0432876506846471	0.0183086962359736	0.0421194759101803
29933130	0.223267752124917	0.248205189162253	0.151404322620781	0.249240460675786	0	0.0591684681655224	0.0191156352227183	0.0238847688492577	0.0257134031787655
30819298	0.174246158517489	0.163210527425414	0.221288413849087	0.317459554645535	0	0.0478661517224643	0.0212548497386213	0.0101014782291559	0.0445728658722337
31509843	0.209741088494647	0.150433146960228	0.212196437929538	0.26988901729542	0	0.0810697284591102	0.0151637936781913	0.00413981544244036	0.0573669717404249
31756046	0.199064335403276	0.162814330576073	0.162170286887567	0.322720023963775	0	0.0809657343606766	0.0141986474017647	0	0.0580666414068672
31908032	0.221180132918253	0.176604234149827	0.147690601500484	0.290475154363423	0	0.100231768093329	0.00402959692964685	0	0.0597885120450372
32971269	0.169471956989014	0.222177222115822	0.169852600926827	0.256735479747762	0	0.121498873325132	0.0122981049848745	0.00610107364676851	0.0418646882638004
33411712	0.247200681270393	0.120191185853553	0.121218102450317	0.330316382641507	0	0.0974960460810226	0.0259251334972138	0.00573048760775912	0.0519219805982342
33477756	0.26444215847	0.227731993994619	0.111618830767761	0.233781026880537	0	0.106100551858268	0.0083077829699637	0.00774189171862948	0.0402757633402224
34962204	0.230227015793524	0.294312930155845	0.120719866510108	0.20165522605715	0	0.0701394731786762	0.0176454815948172	0.0218134560839709	0.0434865506259096
35286551	0.198270962383523	0.275953180285556	0.116860369047296	0.278628272063749	0	0.0722847245815619	0.0174453507793885	0.00147072704019812	0.0390864138187274
35941263	0.190714965600935	0.238685715998896	0.212087667089474	0.214757348277173	0	0.0731372144388796	0.0151839078928191	0.0070520681219411	0.0483811125798825
36379623	0.218287785098741	0.16490916389681	0.122044162206238	0.20441040244892	0	0.190467548449627	0.02910998022274	0.0103294301811336	0.0604415274957902
36492755	0.261325028993404	0.25556146509852	0.16163160776281	0.160910563328085	0	0.0914420849962504	0.0142935769737305	0.0123302911005033	0.0425053817466958
36830117	0.203463967127533	0.189224391010982	0.36317068568842	0.089389253797459	0	0.10036400982213	0.0158631654677234	0.0010422738506648	0.0374822532350879
37065652	0.214980984139487	0.331437457002378	0.131428707924087	0.166073761993453	0	0.0790982263080509	0.0278760380745928	0.00368413883469191	0.0454206857232604
3713990	0.22635840695764	0.225288799287141	0.187427561054544	0.17287829761505	0	0.11702333018197	0.0176508996610298	0.00454008412380061	0.0488326211188237
37178462	0.291275730920128	0.323127860813911	0.167649975307526	0.102063860092102	0	0.0698528477310243	0.00157363644543126	0.00898264838566566	0.0354734403042134
37527863	0.16548519518081	0.132722577676261	0.181438784198292	0.300488003777072	0	0.152838811821779	0.0152993280378027	0.00523597761391933	0.0464913216940641
39316600	0.259340501418959	0.183424070453048	0.162875378478428	0.230464187444512	0	0.0972287864399552	0.00336827660332415	0	0.0632987991617731
39484737	0.24411425333353	0.247176413726663	0.150478595201295	0.188467636047576	0	0.105298374899063	0.0166777591465267	0.00811283523540505	0.0396741324099407
39989287	0.228568473356046	0.196892807337099	0.134651351961129	0.295589736452945	0	0.0809071135436923	0.015553616386252	0	0.0478369009628368
43074402	0.248526173418045	0.255024896641155	0.147389349713877	0.217167784884056	0	0.0799269063661948	0.00756999788151552	0	0.0443948910951573
43485807	0.245090596657111	0.311595299899047	0.096519763545703	0.220143218806182	0	0.0811051912214435	0.0125007336210981	0	0.0330451962494146
44019405	0.209495963639924	0.140766998598853	0.218028445302177	0.271491380343767	0	0.0935067058158984	0.0166573309877112	0	0.0500531753116694
44299049	0.213667714920504	0.203297481252612	0.162755535609731	0.230764488464036	0	0.113690882504	0.0229269321448328	0.0140341981464581	0.0388627669578263
45115248	0.22697302792243	0.148355005469586	0.195862433615844	0.200817084746146	0	0.140024653997651	0.0277997758507543	0.00815107920846723	0.0520169391891209
45566083	0.167410219451193	0.165563076309013	0.228057977528882	0.191814999946848	0	0.151360194635559	0.0300928334593596	0.014681062202135	0.0510196364670113
45800230	0.25773033369797	0.274344976797926	0.185016267237865	0.14264673820414	0	0.094777633483329	0.00258280046345119	0	0.0429012501153186
46000440	0.274766811205919	0.356833292899306	0.135193167853466	0.137311519399227	0	0.0572877470758714	0.00898351095874168	0.00569688703302525	0.023927063574444
46246604	0.264946942813264	0.24648914394464	0.145988470527836	0.166258348066066	0	0.110270703820681	0.00963975991307719	0	0.0564066309144376
46251007	0.317392453735292	0.289967690894955	0.125993891089265	0.159859290135172	0	0.062647466269696	0.00835506840077713	0	0.0357841394748429
46369736	0.302948418400025	0.20454860096424	0.118363945322352	0.246546234659511	0	0.0749140350240637	0.0162228141431493	0	0.0364559514866593
482428	0.198471471533908	0.296815803230624	0.138787618992069	0.180125115797411	0	0.111408423226169	0.022326101001603	0.00514459311295755	0.0469208731052579
4879843	0.230521966109285	0.226428734093465	0.283076654249205	0.118616315956739	0	0.075800142838882	0.0140407310457989	0.00637829728551879	0.0451371584211061
50100482	0.251162878671385	0.115127904570544	0.14604425602953	0.240879357988648	0	0.178615084072082	0.0199915691692848	0.0100600169786422	0.0381189325198836
50100518	0.21862369592372	0.285720306313457	0.229005634901291	0.0754032210443029	0	0.123670945562207	0.0278140154566711	0	0.0397621807983503
50100770	0.158047105995126	0.105714025883742	0.274976426541153	0.298299016935028	0	0.0932247829474955	0.0176875723250168	0.00453381019761856	0.0475172591748201
50100806	0.317457102169307	0.146346045903722	0.137434073233442	0.232706895509035	0	0.0832069171306607	0.0104769223846248	0	0.0723720436692085
50100932	0.240634753286325	0.219160775468842	0.1677809073494	0.162331082975981	0	0.120782686904628	0.0342176684835154	0	0.0550921255313091
50101073	0.243962915276021	0.223374555251647	0.144025019509834	0.24021686865163	0	0.0930409318371008	0.016236807929758	0	0.0391429015440099
50101523	0.31193027722137	0.283564445820096	0.138096843669295	0.0561945396113031	0	0.120947543264195	0.0288634800962887	0	0.0604028703174522
50101659	0.270022220564696	0.413389253175677	0.127758497044047	0.112262130812876	0	0.0382112342617948	0.00527924170383661	0.00340608421347807	0.0296713382235937
50101785	0.27073650870284	0.217374854570567	0.179453321587745	0.18663925977332	0	0.0847643086115119	0.0120252718802452	0.00350282430122781	0.0455036505725436
50102088	0.214439131367401	0.0994672633150687	0.191265356342989	0.333563210609919	0	0.0993080874106003	0.0210368639557796	0	0.0409200869982419
50102240	0.228446623007434	0.218928618976179	0.140433409534306	0.263428607180903	0	0.0930142508913909	0.00688495706051682	0.00118505157872662	0.0476784817705449
50102376	0.27584667484546	0.285537865753965	0.124374815464756	0.0674667967040469	0	0.166786147970947	0.0119075202434915	0	0.0680801790173332
50102952	0.239180261141168	0.316545003677329	0.122282750420248	0.152816954442152	0	0.103610706415947	0.0178035902075833	0	0.0477607336955731
50103129	0.258700908025259	0.328684499626182	0.101660875124962	0.160662219201053	0	0.0856712073676843	0.0120497634989226	0	0.0525705271559368
50104008	0.245732176709042	0.23240688315833	0.136684440465175	0.180194506341864	0	0.135012306317189	0.0112145202498551	0.0025998333126956	0.0561553334458495
50104134	0.187759186229909	0.175472467823381	0.22394520598365	0.293103630379724	0	0.0601929105307666	0.0195983191593187	0.00424106437616288	0.0356872155170883
50104684	0.329355668006294	0.221163224940933	0.14979673904102	0.181886697316557	0	0.0738757868981683	0.00684767889607063	0	0.0370742049009577
50104846	0.191329355210401	0.245782363640905	0.176480305014251	0.211480388819333	0	0.112459945771902	0.00778854633190446	0.00580749990659489	0.0488715953047092
50105437	0.278239014556545	0.289876187068189	0.144614919135226	0.151551175586337	0	0.0837961128326682	0	0.00353715469705755	0.048385436123977
50105699	0.218175224178015	0.184152606671001	0.161004515504666	0.240016300649056	0	0.127715421958258	0.0232144622502563	0.00484862630862343	0.0408728424801259
50105725	0.256076573160182	0.263065376837028	0.123056075901056	0.226074668711881	0	0.0834677601942947	0	0	0.0482595451955584
50105987	0.218561954967892	0.26128786336985	0.219519337694473	0.153397315320353	0	0.0863722849700879	0.0176104192680135	0.00688524057312314	0.0363655838362077
50106280	0.271501836486993	0.291540069940528	0.105148590361302	0.184007844949247	0	0.0882298604325904	0.0100918095958679	0	0.0494799882334718
50106578	0.335932096259699	0.304305016632796	0.164162716743955	0.0851578415104422	0	0.0525800909062938	0.0227711783022811	0	0.0350910596445335
50106730	0.309818501343274	0.303806378854757	0.0699233200606843	0.169571420485646	0	0.100214402748106	0.00747552856836039	0	0.0391904479391714
50106992	0.208147175772869	0.341264017485827	0.166730724627047	0.167698707265842	0	0.0535159462603254	0.0163501922639042	0.00337653185830432	0.0429167044658819
50107583	0.210831434154634	0.227639086694795	0.130864810722025	0.172311696212338	0	0.178854104001615	0.024130978477916	0	0.0553678897366772
50107619	0.218471856029497	0.198453614578165	0.126359896023418	0.259348648943074	0	0.135392510911335	0.0180315635987291	0.00529291776356418	0.0386489921522172
50107745	0.239582908255925	0.312342742525562	0.101807434061541	0.140667951617455	0	0.133648938522104	0.0143211915111214	0	0.0576288335062926
50107871	0.27067250776446	0.250752535462164	0.161507568853032	0.162716458446919	0	0.0939548809658195	0.0227051897651071	0	0.0376908587424985
50107907	0.263152463545957	0.342782990369304	0.130448347429654	0.14933608014809	0	0.0748355151641611	0.00715813993937854	2.63377919370821E-05	0.0322601256115181
50108048	0.149846957888893	0.120766723186114	0.210411059580955	0.380374194717664	0	0.0653665364575731	0.0228699906936848	0.00581691562348962	0.0445476218516259
50108200	0.150583965441475	0.102074001383179	0.286689237678981	0.299265207635161	0	0.0559093372908388	0.0385652555258647	0.0081636677825917	0.0587493272619087
50108462	0.243882023552355	0.224724049550625	0.180216287824283	0.193958942923775	0	0.09434900675716	0.017152171811862	0	0.0457175175799411
50108598	0.207732504406656	0.219508055891045	0.121054691566774	0.326039140699065	0	0.0703466787738099	0.00539518541704001	0.00472473606748816	0.0451990071781223
50108886	0.219150906638262	0.519344438467798	0.132517803864511	0.0471292837775724	0	0.0455273352464606	0.00916229943643168	0.00144096223466897	0.0257269703342948
50108912	0.211833060431102	0.314861625434309	0.204376655890531	0.175134668859567	0	0.0516147813318428	0.0114264142177914	0.0078353971031222	0.0229173967317351
50109189	0.351440727156779	0.152428291407268	0.119439267601999	0.224262377282631	0	0.0866652823106809	0.00218078790087786	0	0.0635832663397643
50109477	0.18168822049661	0.247178724132536	0.293675075321312	0.163607210025	0	0.0537900652301671	0.00834464188350203	0.00497273205129825	0.0467433308595745
50109927	0.237182186636674	0.294905510748174	0.153521080706503	0.213427919255215	0	0.0573737282603938	0.0133224539409059	0.00596696014222728	0.0243001603099078
50197261	0.280026247951341	0.247525197462365	0.106385041359405	0.216480717762164	0	0.0822430486429511	0.0129134094672029	0	0.0544263373545712
50300408	0.182954118990441	0.327594916901444	0.151900993195012	0.211108762475443	0	0.068557024029517	0.0135732841243202	0.00446062138693592	0.0398502788968861
50300822	0.258316669543343	0.223461988315035	0.152263564318359	0.20334116115055	0	0.0937896006930076	0.00299672079638044	0.00246637505558979	0.0633639201277334
50301099	0.130925010067063	0.192525596136566	0.149647946486482	0.267260982988417	0	0.158169242157994	0.0387689549322924	0.00828731638151174	0.0544149508496737
50301387	0.243413101097426	0.36382000664269	0.175380183397123	0.0512224211418452	0	0.101567473573529	0.0290278307220968	0.00648312041064683	0.0290858630146436
50301963	0.306156791743753	0.302651941850105	0.101437018705016	0.161673389171704	0	0.0822820923406407	0.00615422311190543	0	0.0396445430768754
50302004	0.292988592066176	0.326891133551467	0.130660374776031	0.145420226397841	0	0.0605773621363333	0.00974482753999217	0.00515906870621412	0.028558414825945
50302266	0.219985828973782	0.195559303293209	0.189906683130826	0.224956633174284	0	0.0901302215122317	0.021519176507082	0.00375724554205734	0.0541849078665278
50302428	0.189551941041967	0.209319557987243	0.161864491507431	0.229975192199567	0	0.147848748315978	0.0149581107366869	0.00735950134440628	0.0391224568667196
50302554	0.310485078002853	0.24344432291085	0.190986707592749	0.0906115371099636	0	0.104036432167332	0.0059652710828865	0	0.0544706511333649
50302978	0.27645289730982	0.341293992475185	0.134646296459102	0.156884564202365	0	0.0682005910218952	0	0	0.0225216585316329
50303145	0.245039839241094	0.304921440862529	0.100434103064782	0.227263596765062	0	0.0813927739414724	0.00445645933704228	0	0.0364917867880193
50305165	0.233708161673567	0.236239137047746	0.166266626198658	0.239550215662277	0	0.0779788052143273	0.0103735953498979	0.00322650931924415	0.0326569495342817
50400385	0.205559646201612	0.23472711131252	0.220966829268466	0.206408472171313	0	0.0675892847504038	0.0091006572550541	0.00377791739429928	0.0518700816463328
50400709	0.253174643035671	0.325592259527226	0.160404695322486	0.118649229672603	0	0.0818100632665265	0.0217848400892808	0	0.038584269086206
50400835	0.261032183324855	0.282181840504443	0.164417592629531	0.135156013894531	0	0.0891569899987572	0.0141683822103182	0.0067593629591997	0.047127634478365
50401002	0.246488612103828	0.146124592123615	0.141558729562943	0.331283305408133	0	0.078753551184104	0.0173822093730872	0	0.0384090002442906
50401264	0.251141584943804	0.202334457490157	0.13359768924682	0.220307739774047	0	0.11785003649373	0.0159761619750935	0.00944320548336313	0.0493491245929851
50402017	0.235551686757147	0.353504750283654	0.0989563909304811	0.17871184883615	0	0.0739298536373505	0.013590167541876	0.00348880801338704	0.0422664939999543
50402567	0.263823932007843	0.320031318838236	0.122640740101023	0.146490232101928	0	0.0801949458942212	0.0305016231514882	0	0.0363172079052602
50402729	0.200262198779101	0.151838061086428	0.224617060958679	0.302026411458371	0	0.0563355544635705	0.019858105109889	0.00835089924601254	0.0367117088979498
50403446	0.162240789599626	0.114319351177354	0.229086964339183	0.325388568682793	0	0.0719288138606107	0.0475756741919378	0.00882566374009147	0.0406341744084041
50403860	0.191721247571918	0.184112397890157	0.119923720187923	0.343483285090487	0	0.0870185469456748	0.018580407767058	0.00163001923698328	0.0535303753097987
50404163	0.28781526595523	0.237039720260261	0.120525902425109	0.198529155240843	0	0.0645371508089471	0.0213370385097569	0.0262699669452744	0.0439457998545788
50404299	0.309433011884862	0.289414527083135	0.0885007899920435	0.183200621977896	0	0.0820345518153749	0.00771459256359707	0.000389572560259878	0.0393123321228308
50404749	0.235148434576965	0.235213453225347	0.163440444585886	0.240970595747259	0	0.0676780754495049	0.0131948210840334	0	0.0443541753310052
50405042	0.277546830789982	0.291248753553318	0.0898457528701961	0.209202767307567	0	0.0636141398083796	0.0131988464741717	0.0169414167921638	0.0384014924042224
50405330	0.270673002616074	0.255452540309198	0.110763858877611	0.220897885441602	0	0.0823741816372536	0.0154529202788087	0	0.0443856108394529
50406057	0.195233580468116	0.241685063098688	0.174657804117293	0.170174208105798	0	0.153100470011186	0.010221589432444	0	0.0549272847664753
50409370	0.209972407336062	0.190038036560259	0.2627078299364	0.173559538195233	0	0.0701067983284498	0.0274966058730698	0.0116307228733272	0.0544880608971993
50409532	0.226856597945044	0.195007007454757	0.30321465378951	0.107053719784296	0.0101455463583422	0.082134678360821	0.0298749706307126	0.00578095438397709	0.0399318712925411
50410283	0.217480247578697	0.227786842588266	0.171815065328124	0.199589272428918	0	0.110859160089684	0.0158415523727434	0.00522656231610942	0.0514012972974582
50410319	0.24296836823744	0.286645237989088	0.109808763258851	0.212858037405616	0	0.0868456339734126	0.00497534336063733	0	0.0558986157749557
50500136	0.199732925245058	0.200086172927305	0.110339560942268	0.273285178414384	0	0.151038866590847	0.0175627062272044	0	0.0479545896529333
51400993	0.340262939862451	0.307823214734106	0.140647823968876	0.112052590346904	0	0.0672899447241357	0.00356472349773495	0	0.0283587628657919
51624179	0.282999506582621	0.367272355826239	0.105639416972286	0.109345667810626	0	0.0846997523146113	0.010700440622671	0	0.0393428598709448
51815338	0.251535446576979	0.296679363665133	0.139177576192768	0.110577126771063	0	0.120450791199797	0.0311970320649088	0	0.0503826635293497
52311825	0.258870147546342	0.235876142569435	0.168660334316447	0.187823864488488	0	0.0775584119863706	0.0210435492124382	0	0.0501675498804789
52509923	0.240416901968913	0.28686646163009	0.164078239717888	0.17621392023581	0	0.0785305178086112	0.0103706442494097	0	0.0435233143892789
53772202	0.186356453323212	0.12975905850356	0.162706072500894	0.262518250563295	0	0.156931359957041	0.0397559435428861	0.0110298786981272	0.0509429829109847
54122640	0.166369045879606	0.412274173790083	0.182367557148106	0.129681709632944	0	0.0588265327842163	0.00748415993362824	0.00287838144371464	0.0401184393877029
54458919	0.220971895436768	0.105975953757901	0.214811239566515	0.237714119149935	0	0.12886471271326	0.0243658962021616	0	0.0672961831734597
56102646	0.223796467467855	0.240700093855292	0.239224682782879	0.169367150215051	0	0.064201859567164	0.0221356434957251	0.00453457337558046	0.0360395292404543
5689621	0.201203869479549	0.48603872446952	0.121362394941904	0.107726187883265	0	0.0415097274497083	0.0102906761286509	0.00148635767329077	0.0303820619741129
5779736	0.252535551772713	0.22186939685312	0.209051519407681	0.200868369475461	0	0.0557918298054375	0.0167549916494863	0.00229209064417237	0.0408362503919284
57978756	0.255151026837358	0.184511165941313	0.121613303983853	0.277915727069183	0	0.0755183797780227	0.018872306946707	0	0.0664180894435632
60725338	0.218903386668327	0.20498746621299	0.158577535158465	0.265396670147686	0	0.0860413663082496	0.0168790321081681	0	0.0492145433961134
60747316	0.167567080847866	0.152676985239047	0.237375963626022	0.260327476485993	0	0.112407582985016	0.014502129374278	0.00629211963394528	0.0488506618078328
60848460	0.25506291205983	0.431227250428185	0.143762465041677	0.0752725075789298	0	0.0540110932759801	0.0109726333937768	0.00791422274902756	0.0217769154725944
61029627	0.255383847277423	0.191380226735111	0.161873266543238	0.168489477485893	0	0.149074033536296	0.0154873507807116	0	0.0583117976413268
6107196	0.285965132131724	0.372569911867332	0.101777096930114	0.126583914471062	0	0.0711830920107894	0.00996419554581648	0	0.0319566570431622
61142759	0.230182219322505	0.272321882341519	0.104894576181447	0.242779883785351	0	0.0879698155641278	0.0216414582418048	0	0.0402101645632465
61344957	0.281550315161608	0.243087122598453	0.162535259027253	0.11890325192403	0	0.117431771852098	0.0105613647644913	0	0.065930914672066
62367972	0.204190217808501	0.247468054945033	0.153623135802455	0.212497792615395	0	0.106283721179274	0.0230899090947776	0	0.0528471685545657
62404688	0.239094647573076	0.233158510022477	0.119713208468862	0.206715953875078	0	0.132688590034343	0.00498230647147208	0	0.0636467835546928
62483327	0.189829998070621	0.179672435166995	0.200289363377938	0.284237907502995	0	0.0921058880147255	0.0168739503066337	0.00546921369058242	0.0315212438695088
63188799	0.237121188883564	0.199886133307162	0.159678836467336	0.249439199055343	0	0.0949011648566036	0.0151392588337142	0	0.0438342185962769
64291829	0.192608219091572	0.301017545284636	0.158555956526923	0.12309283046497	0	0.159196962352384	0.0209305394839465	0	0.0445979467955674
64358179	0.308758156322711	0.312986179314851	0.127658067633167	0.0678194847296857	0	0.129492184027503	0.00875526105989094	0	0.044530666912191
64493027	0.254600369626625	0.272325921142955	0.121162819787776	0.199352236296418	0	0.0934007704146061	0.020777391065071	0	0.0383804916665477
65001607	0.29528567011924	0.321239835063196	0.179068759690507	0.0997437430844949	0	0.0522293348826407	0.015058705624089	0.0029501455034892	0.034423806032343
65292866	0.216613935027981	0.190257307276592	0.2248102108278	0.167731134063617	0	0.100198383385981	0.0340001041212135	0.00456048379453669	0.0618284415022788
65652206	0.289709086875737	0.329017327875052	0.122029596203501	0.151109414174269	0	0.0661281741684184	0.00386321295265395	0	0.0381431877503691
65736039	0.293843133570824	0.357484175084497	0.179779321472784	0.076322508559782	0	0.0531840771617852	0.0128351073345449	0.00416011335029335	0.0223915634654899
66406040	0.214865124465738	0.292205592202564	0.161278584585814	0.187003218967346	0	0.073395988660008	0	0	0.0712514911185301
66754397	0.224759418067305	0.293442951363403	0.16626172041401	0.160780228140358	0	0.0914729840468087	0.00902081460808401	0	0.0542618833600324
66924745	0.272180169812593	0.245467401561808	0.150060202820083	0.218316235320818	0	0.057749080896639	0.0166017569290878	0.00546654771952525	0.034158604939446
67185070	0.258468298961878	0.301842309725783	0.129741639273717	0.194524203379723	0	0.0594843486274766	0.014493353142138	0.0060249783923201	0.0354208684969637
67429065	0.249445753746737	0.28075675331076	0.115712723053524	0.178319224706604	0	0.0859231198036468	0.017577167315366	0.0297263561536909	0.0425389019096716
68015667	0.234195179386041	0.322173379341668	0.146438820077954	0.164844729602261	0	0.0760412911567108	0.0103976880641207	0.000438196809707035	0.0454707155615377
68745332	0.21629256244194	0.248897440314427	0.219449902092677	0.162552643965418	0	0.0770296033151927	0.0169168277722514	0.0192237973685087	0.0396372227295846
69982533	0.212101803597662	0.241123830675722	0.146251237377154	0.18115108151392	0	0.13628335910422	0.0200034549493166	0	0.0630852327820047
70816595	0.161803907680095	0.0559607890605447	0.280412117256831	0.351284898356256	0	0.0772734394143405	0.0290271668359934	0.00978231111338484	0.0344553702825552
70883578	0.238125873869568	0.346252639162005	0.0995420086406571	0.12790040578246	0	0.13208678443573	0.00690601745018354	0	0.0491862706593969
70917649	0.269731478089284	0.28407538677405	0.0881641883818245	0.213836225442588	0	0.0623025847895956	0.0174519836652004	0.0215780527364969	0.0428601001209611
71626373	0.230516546620711	0.23505934166847	0.174601089843625	0.199277999296189	0	0.0895402209370517	0.0224039900865623	0	0.0486008115473913
71727427	0.223269847134562	0.255360183569192	0.139647864907641	0.241707682657624	0	0.0836114958273674	0.0114094221245692	0.00289485455625079	0.0420986492227934
72188804	0.16306006843027	0.239728894135978	0.187587767426821	0.294357043370361	0	0.0611950090463244	0.0138656272690328	0.00181028348232042	0.0383953068388926
7253015	0.208811172384468	0.166426386245231	0.197254826520991	0.294015321503295	0	0.0796896730771234	0.0189823150513904	0.00612674474352365	0.0286935604739773
72650337	0.242053559538543	0.306160102828352	0.128904489950424	0.200528038771048	0	0.0659954271084617	0.0127419991554496	0.00058907595272367	0.0430273066949981
7287209	0.229262047147044	0.291746822416622	0.125622407454277	0.219929759061176	0	0.0639698310832458	0.0162353705434169	0.00254881348803014	0.0506849488061869
7311370	0.259656575429452	0.179598650205561	0.149589486177546	0.198641032831041	0	0.112823987487659	0.0161647543932714	0.00910159191419883	0.0744239215612709
73549281	0.164197908192481	0.12618528395429	0.157027929510849	0.403616618824109	0	0.0764606970191763	0.0166421697150806	0.0099460996254455	0.0459232931585679
74753465	0.105803178367031	0.028055665188889	0.239408770466954	0.388182832722751	0	0.124989545953526	0.0428909993508844	0.00690540244917282	0.0637636055007919
75990666	0.17022047075068	0.144225166133287	0.237458231505655	0.281127974668097	0	0.0839502836098704	0.0269439547201868	0.00641106429448831	0.049662854317735
76867532	0.21514218346604	0.172176894440349	0.188538752423298	0.260245359883615	0	0.0737039126834737	0.0281359383268892	0	0.0620569587763348
77143621	0.210995116373935	0.276037763523092	0.144110995432566	0.193088574881978	0	0.104817683230202	0.018769177415486	0.0111482274603847	0.0410324616823562
77239958	0.246608934897267	0.195951915376299	0.150781031780538	0.242287217764431	0	0.0856304076203757	0.0196377148701675	0.00436039175856457	0.054742385932358
77330002	0.244744302827727	0.224593664331887	0.125779211350969	0.207821224355838	0	0.137638073211872	0	0	0.0594235239217056
77891596	0.168728715094581	0.109917495662405	0.170824746409299	0.328985777480348	0	0.127800922921046	0.031496143796048	0.00711736053147978	0.0551288381047935
78452313	0.208708597973787	0.425399277131785	0.125933818237749	0.0917146404615405	0	0.0731517413087379	0.0234653519150718	0.00578451230064158	0.0458420606706877
8109170	0.27623087713962	0.241037387426439	0.153357534521948	0.217352835751587	0	0.0453062677486634	0.0144154361072567	0.0140427767263102	0.0382568845781753
8132197	0.27326571875966	0.0720101029767037	0.241592848005228	0.245792222869891	0	0.0860696897699722	0.0211801520828282	0	0.0600892655357173
81852640	0.247921731727287	0.338921659767124	0.120812888856517	0.166251443765374	0	0.0528507201911159	0.0113726588246165	0.0256721545443938	0.036196742323572
82317494	0.296142875942772	0.239165176235885	0.162603826617357	0.185659295041347	0	0.0711531335920747	0.013803138547887	0	0.0314725540226772
82624422	0.180918386335853	0.20997962169273	0.145558962960253	0.312029953807361	0	0.0790117942261736	0.0191860457467127	0.00495284473617551	0.048362390494741
82684406	0.178731227112786	0.2003919107786	0.146426149983399	0.336115502371769	0	0.0679762761484537	0.0276713809014618	0.00765253602890163	0.035035016674629
83034844	0.260703661251115	0.273897812285134	0.14382649189315	0.129452379359783	0	0.111309851526343	0.019758135364128	0	0.0610516683203471
83984043	0.206775380051888	0.115654319551464	0.231716130164979	0.251188805180429	0	0.104622488851333	0.0316079782214313	0.0137614654829249	0.0446734324955501
84417209	0.154832478960614	0.149399540554791	0.179534607397655	0.357347708052141	0	0.0763485098677831	0.0324029470688233	0.00615724188718939	0.0439769662110038
84642424	0.248391165393829	0.23394283673102	0.147920411874665	0.167818241474238	0	0.125288193096524	0.0166626128624103	0	0.0599765385673133
84653463	0.247555286213482	0.199978368802187	0.190740650446806	0.239082929245161	0	0.072368436544774	0.00853807492386817	0	0.041736253823722
85065193	0.222519630626371	0.27129995974804	0.167800988176765	0.188268188362591	0	0.0943236438124218	0.0158923935052537	0.00696276755562248	0.032932428212936
85171938	0.178021223258626	0.323649260460128	0.137182857440876	0.243703989290683	0	0.048983467397426	0.0299976122921716	0.00367002733160248	0.0347915625284863
85666580	0.183385850345108	0.177198837634988	0.215000011239237	0.269774733393765	0	0.0833008604596342	0.0136577844102346	0.00602797461739365	0.0516539478996391
86071821	0.294361072486101	0.383635835651012	0.087255104455911	0.118817669289703	0	0.0604410400748562	0.0095057868716325	0.00185524628269928	0.0441282448880844
86177506	0.26953320594525	0.264743796935958	0.148618305184373	0.219967687361701	0	0.0579476925190553	0.00862969841895976	0	0.0305596136347015
86408244	0.240850329806797	0.217209783478974	0.212485998954299	0.189116366316675	0	0.085827307823779	0.0105251133811437	0	0.0439851002383319
86903794	0.174254412020071	0.0686592577524178	0.174027191970287	0.422160029453858	0	0.0697764379078939	0.0345713483146137	0.00484002446820953	0.0517112981126485
87038802	0.26628876366961	0.281648953560188	0.1902784956354	0.153186198886832	0	0.0662376935488486	0.00877747583141682	0	0.0335824188677056
87410220	0.23779221188281	0.238242171700106	0.2379304615317	0.197831800731477	0	0.0454234658274904	0.0115693660574503	0.00227557321487789	0.0289349490540882
87779516	0.242383665502805	0.28941311616453	0.188014448265868	0.171190765117031	0	0.0637185027734464	0.00766860153480068	0.00422941589792996	0.0333814847435904
89001223	0.22495342137903	0.28157438338334	0.128908355053112	0.209783823302854	0	0.0895719545253306	0.0115123574749776	0.00620520782834894	0.0474904970530058
89164957	0.222149872494987	0.206461385285456	0.17819223980439	0.269992466729852	0	0.0638170066793326	0.021839646683103	0.00540481363293765	0.0321425686899412
89614402	0.184595999022754	0.294726823024547	0.173116987543955	0.180257476584292	0	0.0887086797843505	0.0175703923057428	0.00538177296987117	0.0556418687644874
89903942	0.213293208673808	0.199059826165191	0.228185602614547	0.245916073403459	0	0.0532875259392394	0.0198103385155453	0.00531494290655204	0.0351324817816588
90267190	0.233876619393081	0.177133855421032	0.137473065155609	0.30266966930619	0	0.0782516806506752	0.0118882196039778	0.0149299812069087	0.0437769092625267
90447310	0.19747566883835	0.24885477997943	0.129267527313252	0.217285341552664	0	0.102921810386981	0.0388766816439519	0.00894165292680293	0.0563765373585675
90942860	0.218531581499074	0.174648209542129	0.166517842776375	0.259463409675261	0	0.122489425088294	0.0206840966739576	0.00870827745877437	0.0289571572861357
91018909	0.276203941849024	0.256641546143611	0.196975043890624	0.156763098631982	0	0.0510805338300798	0.0144636211371963	0.00553104249701174	0.0423411720204718
91707643	0.183004774637665	0.275878819149619	0.152831824039287	0.237802767434325	0	0.0648101096955178	0.0218986229179502	0.015437477331387	0.048335604794248
91921829	0.213342882186825	0.234065268966185	0.209853748912641	0.148079168746432	0	0.119052151552037	0.0123695442781437	0	0.0632372353577367
92113025	0.285608395659272	0.202825421570718	0.113100895855853	0.267638182584508	0	0.0789797443684707	0.00960903438951819	0	0.0422383255716601
92393245	0.280973487654304	0.253185364590554	0.182347474183294	0.145927744325355	0	0.0722445255578962	0.0059335580486799	0	0.0593878456399167
92613520	0.259284238297334	0.278464089204512	0.152779409998392	0.192413925116104	0	0.0545409224881361	0.0193294470382047	0.00736946236131053	0.0358185054960068
92996364	0.197835716233234	0.271447286514612	0.147303881324367	0.249303707148439	0	0.0730142421245078	0.00788748851466885	0	0.0532076781401716
93462021	0.250733017300918	0.366046910957123	0.086656316053863	0.169448062881774	0	0.0864808877578173	0.00705808424410988	0.00139366880550214	0.0321830519988919
93815598	0.230327017610259	0.283413306654663	0.162040535533953	0.184908784183394	0	0.0803245903602475	0.0118017702721805	0.00385604433358102	0.0433279510517222
94092977	0.17525678651394	0.267377239197296	0.157549597512825	0.236054529426484	0	0.0934177816795889	0.0258565804646944	0.013399234912313	0.0310882502928591
94430339	0.245484762976873	0.137382781711163	0.199476245112127	0.25643083727231	0	0.0771755270789624	0.013282487282779	0	0.0707673585657859
94722642	0.164166947894042	0.158031734659014	0.162705795746529	0.356031929432684	0	0.0800766847914507	0.019972584973214	0.00645721053658668	0.0525571119664795
95491648	0.211047364333771	0.262862393988711	0.146782183361438	0.243723404099631	0	0.0695523528535127	0.0174311869707307	0	0.0486011143922059
95919181	0.193099384562341	0.279753116915129	0.167997863398589	0.219935256505821	0	0.0720605862837295	0.0140401352241826	0.00653672426090309	0.0465769328493048
9650662	0.287926923457997	0.228541075649913	0.10871187753647	0.233088178831934	0	0.0845238966637661	0.00575409443096766	0	0.051453953428953
9841821	0.140509071334514	0.173684817229742	0.242596226984996	0.284257804036599	0	0.0709927383148435	0.0287243366722882	0.00614130333126426	0.0530937020957535
98953007	0.180308444725846	0.326069072493649	0.132590498135284	0.205324110403761	0	0.0759834529128777	0.029573977361329	0.00806619214601955	0.0420842518212345