	Inhibitory	Excitatory	Oligodendrocyte	Astrocyte	OPC	Microglia	Endothelial	VLMC	Pericyte
10101327	0.0803947802828391	0.341462389199923	0.143385652616116	0.212101687752958	0.0001163433704622	0.0399856846499625	0.0139184708713562	0.0001263935363873	0.168508597719996
10101589	0.0097781231737427	0.290962112340924	0.162038568452462	0.271410533041444	0.0085973876425145	0.0396930238795547	0.0322891253801379	0.0006831768892065	0.184547949200013
10202345	0.0591602686186088	0.291296757099844	0.163407842194395	0.225229400567982	6.41284182507764e-05	0.078081950413827	0.0180623748743543	0.0001814383036236	0.164515839509115
10203224	0.189373963320209	0.373867388177599	0.121152134427093	0.117150241099825	0.000474450843126	0.0430458482988256	0.0143514540533344	0.0002329897311473	0.14035153004884
10205244	0.0304320571403948	0.287556686626881	0.212787758621333	0.234644071653964	9.5377789565069e-05	0.0458342234992866	0.0253760861650535	0.0001038146431615	0.16316992386036
10208143	0.109453746365334	0.343066499589378	0.14827443113504	0.176071080833278	8.08030590275855e-05	0.0469485400588296	0.0128766855769289	0.0001856652251428	0.163042548157042
10218339	0.0571251369433118	0.319504349902039	0.191985932391995	0.205546168144818	0.0003165149452608	0.0394899308001792	0.0177130019116474	0.0004363365557145	0.167882628405034
10222853	0.0641758686924843	0.366512138791167	0.166387638760558	0.166192575233098	0.0002906462836628	0.0503154068203238	0.0166307078874554	0.000238912104059	0.169256105427191
10246987	0.144488956959804	0.445481548427515	0.0791039523431696	0.111388932118101	0.0001658803123909	0.0377958588305209	0.0272561825414522	8.46912805221322e-05	0.154233997186524
10248033	0.0647871595347382	0.342721300794441	0.150090586760336	0.215740682684891	0.0066216812481884	0.0343868165445701	0.0119268054699039	0.0003603021126434	0.173364664850288
10249336	0.0608963758644941	0.331385885942783	0.182726563983829	0.190314238075341	0.000589100167987	0.045168735184467	0.0229408033557622	0.0002190838300783	0.165759213595259
10253148	0.0087400243340751	0.282160160778428	0.114440178792023	0.293652545908108	0.0021534367801084	0.0880098170455486	0.0237729562044513	0.0001496621287483	0.186921218028509
10260309	0.0261001598824224	0.291379435534807	0.141623470323531	0.295923313769641	0.001689561273163	0.0435627442776165	0.0215580340669577	0.0002652758074364	0.177898005064425
10262905	0.0646972087684196	0.362985728022778	0.183801051625996	0.168950558487094	0.0002106650738243	0.0412673961888878	0.0154236065923339	0.0003428106031708	0.162320974637496
10271474	0.0543047015696176	0.336098166745834	0.175685280008866	0.205022555396695	0.0001660681858339	0.0459448455781995	0.0143511270765092	0.0001420436687756	0.16828521176967
10277308	0.022365743611114	0.326653839312126	0.18281478356414	0.233706603368748	0.0005591283282186	0.054690958337109	0.0186338883327813	0.0001446326902922	0.160430422455471
10288185	0.0330294019297401	0.33430950415493	0.156606010956324	0.229697951355604	0.0027933604758139	0.0426583072240437	0.0204730908833831	0.0003297245357715	0.180102648484389
10290427	0.0312843455532192	0.288186873732015	0.175115449778222	0.22984645401292	6.33588968922218e-05	0.0678259287881206	0.0245809577966059	7.62863037860918e-05	0.18302034513822
10291856	0.000359563742649	0.209460315547881	0.228775230163188	0.293885412175558	0.0062059671702058	0.0464747874539906	0.0297706658101343	0.000739018988862	0.18432903894753
10292311	0.053008573088503	0.352469016159107	0.158173808459425	0.208477876524681	0.0007885455355952	0.0383610956718641	0.0157713872210347	0.0002616970797722	0.172688000260017
10300914	0.0007933580605068	0.242182299173203	0.210234758016503	0.284105868333463	0.0088837875923097	0.0455597903190828	0.0240024148257212	0.0003409341749698	0.183896789504241
10315029	0.0004719686136017	0.218302402498083	0.231727290511038	0.279525245340978	0.0016903608577499	0.0595066276936359	0.0252480564726249	0.00017094293381	0.183357105078478
10345561	0.0512891307440835	0.320749351771239	0.117100975120218	0.244513183070349	0.0005034044964495	0.0574226186972182	0.024338112078635	0.0003324193256411	0.183750804696166
10383017	0.0738233025343572	0.348301724657027	0.14478624663609	0.188565494212174	0.0002782064153876	0.0501430179844179	0.030038740346152	0.0003078515183823	0.163755415696012
10394182	0.0748626053215308	0.300982804529388	0.181327830834166	0.210923626643425	9.64429671663066e-05	0.048424532890951	0.018282673599967	4.4743596664987e-05	0.16505473961674
10395197	0.0427059277549997	0.335599909266671	0.145795578976702	0.230197163225905	9.14137433015437e-05	0.0511596716198301	0.0185861790971325	9.0829135243907e-05	0.175773327180214
10405008	0.0181607403448277	0.267267700486007	0.155117392911859	0.315345309043556	0.0006368711153286	0.0517131657813035	0.0243844243142173	0.0001521078809268	0.167222288121974
10424475	0.0206769982213192	0.237898682925345	0.160293358764182	0.314449308354946	9.62804165359684e-05	0.076678998356184	0.0224658511583542	8.86570611898441e-05	0.167351864741944
10433070	0.0542370363415572	0.328264491119616	0.125922669180648	0.242006429640236	0.0001317055867987	0.0539255981623279	0.0199186906677387	0.0001312766297977	0.175462102671279
10435090	0.0508094490985649	0.34001462644504	0.15699520409075	0.215620049745111	0.0057764084895275	0.0414409250761996	0.0126726736494719	0.000108693840937	0.176561969564398
10436131	0.06603082669445	0.344872903167122	0.154290215061183	0.216945345999886	0.0003961007281537	0.0336015569754378	0.009661141045324	6.42253882737676e-05	0.174137684940169
10447620	0.026912745852427	0.346345260985208	0.116058759236051	0.258946181578649	9.63549727659988e-05	0.0499580681641264	0.0186988144157981	0.0004699552122391	0.182513859582735
10460587	0.044478275645489	0.305656068981657	0.186659524559771	0.247208371838683	0.0001379020242227	0.0412611109951303	0.0168545239204591	0.0001279862794783	0.157616235755109
10473384	0.0147296108258072	0.245437019830113	0.188764632664489	0.299303236587877	0.0001524757245001	0.0560082209919428	0.0252464996263165	6.66798348626013e-05	0.170291623914092
10478041	0.121745231366029	0.369129547005367	0.13541842771969	0.16671375887804	0.000137320844745	0.0372080652795276	0.0106696770302916	0.0002413367841166	0.158736635092194
10480383	0.0101166866336424	0.284273229433204	0.180227574846898	0.25208818495968	8.12083919431076e-05	0.0616648094740653	0.0212211838444884	0.0017635943859703	0.188563528030108
10490993	0.0773173953732706	0.392977037415321	0.127294461045432	0.17354844781498	0.0016869661640099	0.0358604302267726	0.0189471307801714	0.0001160300783801	0.172252101101663
10502798	0.001199445310539	0.229808858429406	0.140375814841282	0.336829131991225	0.0006593027503048	0.0572001513993698	0.0387921218133431	0.0008561756704709	0.19427899779406
10510090	7.46367618818516e-05	0.201886355664063	0.219013297136427	0.266755239965589	0.0060710721728908	0.0655358490966912	0.0374041891132839	0.0007038664245073	0.202555493664667
10516762	0.0546753079358644	0.366600528043605	0.151742044688953	0.197283721743247	0.0002751678933403	0.0443351154598991	0.0167294749298372	0.0001026347099821	0.168256004595271
10518782	0.0674346733462289	0.340210839325833	0.149381947902942	0.223247881484185	7.24842969190352e-05	0.0325131355773161	0.015997930695497	0.00010992403584	0.171031183335238
10536568	0.160058133332952	0.371354247213492	0.0998250096599402	0.174638227544967	0.0001071820495295	0.0383398199479767	0.0085522494430164	0.0001525980716214	0.146972532736505
10551157	0.0350064621989416	0.315121552602616	0.207133362471108	0.195794062977904	0.0038825245145721	0.0449347340003242	0.0233827466415006	0.0003195652022623	0.174424989390771
10557081	0.0706997444614599	0.363897914327271	0.168832621680348	0.17581335720082	0.0028298961012926	0.038715030303646	0.0152442390430613	0.0001853221818257	0.163781874700276
10577337	0.0120123338357742	0.256068164835185	0.160513429594997	0.298842988854123	0.0004079797617131	0.0451802032661448	0.0375260922358064	0.00024106828737	0.189207739328887
10589255	0.0979831540191754	0.329731218635588	0.218751810047094	0.139153732930648	0.0059420713578925	0.0336561085853454	0.0198476015932403	0.0019365922474167	0.152997710583599
10669174	9.85523201160808e-05	0.188197652046455	0.157972755358877	0.348800733632971	0.0020640102072849	0.0731099046107034	0.0472155351590093	0.0002727925711801	0.182268064093403
10684501	0.0358067486495966	0.282587882551781	0.171807215113076	0.273743698244284	8.68926070628204e-05	0.0468632558100102	0.0203276832951519	0.0001720373098355	0.168604586419202
10850171	0.0230400818737563	0.258985716706578	0.220297406625169	0.232710561732766	0.0025105039018942	0.0477500232363215	0.0373246005811729	0.0012858407818383	0.176095264560504
10866165	0.0616792481071755	0.315353574463512	0.159030636275433	0.199995959887842	8.80881017121205e-05	0.0696291660507412	0.025232884846777	0.0001186905294228	0.168871751737384
10885370	0.0174208117984168	0.271119309293515	0.152504350828329	0.270516056379905	0.0024210435500933	0.0652484773929524	0.0313797470955381	0.0003116744301648	0.189078529231086
10901987	0.0659603639936945	0.342249017418856	0.16984003278289	0.150629549947426	0.0002615432708257	0.0580044515786339	0.024083711306767	0.0001776379211834	0.188793691779724
10929637	0.0425018044865301	0.325694433684783	0.184780204976167	0.177541833431221	0.0035401116962761	0.0646071406973752	0.0200727373263848	0.0001606087787677	0.181101124922496
11157783	0.0023667154992156	0.225194721415082	0.2185951393158	0.294085362489338	0.0011734930200443	0.0561426688109623	0.0328879346450415	0.000126387546801	0.169427577257716
11165535	0.0305575269925167	0.297421742977537	0.166247952572038	0.232013891250319	0.0008712701371188	0.056850701182164	0.0334489624712312	0.0001163380987525	0.182471614318323
11200645	0.0437448641472227	0.30507874383227	0.21432909100825	0.204091798	0.0002460438660824	0.0433474804193823	0.0259797130970409	0.0004872747862476	0.162694990843504
11259716	0.028340678116442	0.30002387652816	0.185909343241377	0.261366897635203	0.0047094070232766	0.0379118048892497	0.0152511927859854	0.000257264490235	0.166229535290072
11302830	0.0218033884161081	0.265870062761962	0.163223093908787	0.257518804682809	0.0015436148393039	0.0594947798604261	0.0379604215247421	0.0001527895043784	0.192433044501483
11310844	0.0388532159218873	0.338915998652131	0.154900303271145	0.210989294306059	0.0001122000098936	0.0629731543058504	0.0152509197874175	5.42379840597539e-05	0.177950675761556
11319389	0.0212225709875979	0.260625399930885	0.199817135095933	0.283593001819789	0.000120766680067	0.0492805837779244	0.0278395684074106	0.0003507517698747	0.157150221530518
11326252	0.0745228152189784	0.306595260237014	0.16927382341844	0.21655340168239	9.53655414526736e-05	0.0506520636115088	0.0157847993646747	0.0002622193566076	0.166260251568933
11327005	0.0778182034765464	0.358638441628196	0.13495243341712	0.196491150275951	0.0002468261507087	0.0453810081319352	0.0171963683107886	0.0001241645554206	0.169151404053332
11331231	0.107261905538573	0.355291773178691	0.176268534411874	0.139018585141424	0.004009558735512	0.0383729787424915	0.0219342784854841	0.0013118303893796	0.156530555376571
11336574	0.0660366889087941	0.311737949366172	0.135012850605304	0.243929446052049	0.0001094902376528	0.0502139702746933	0.0258660001667356	6.73472861512644e-05	0.167026257102448
11342432	0.0217118638659545	0.307367859670782	0.164401959491603	0.258438050393288	0.002018104414456	0.0540072886035322	0.0192151606915767	0.000232614170156	0.172607098698653
11345331	0.029623714920539	0.313064444622874	0.181459425779671	0.237382833303628	0.009550476425976	0.0400519308291196	0.0184227290782348	0.0004221063929301	0.170022338647027
11349119	0.0793115358048748	0.347137001262641	0.156180195370124	0.166473530042657	0.0001273586406837	0.0423474514244963	0.031849695691221	0.0002056579554126	0.176367573807888
11353057	0.0012357026371559	0.291430822609413	0.202713382940758	0.226485852863942	0.0094940382001039	0.0554741291653486	0.0202816364518979	0.0001518949975276	0.192732540133852
11395417	0.110727312681886	0.361742911503092	0.135116864080852	0.184681085096898	0.0005299521966157	0.0329016119040201	0.0142045003307906	0.0002881170406601	0.159807645165185
11399321	0.0237298208546229	0.306054060468973	0.120440252310965	0.305273120518627	0.0021682680507966	0.0501583278120743	0.0211328627381166	9.02333159385337e-05	0.170953053929886
11409232	0.0389487711946549	0.290430278377726	0.131160380173065	0.28007487278733	0.0002984639067929	0.0563820396374206	0.0260493338464185	0.0001180444380788	0.176537815638513
11413170	0.0360690322737196	0.322671019221856	0.125150302461286	0.287954826732916	0.0001252736074269	0.0443045181340067	0.0128778952019444	8.2905670398411e-05	0.170764226696446
11430815	0.0488067879669865	0.296528754209018	0.182271032319619	0.233914024322229	0.0009412171960018	0.0449000225592936	0.0202727249668847	0.0007977999834359	0.171567636476532
11440263	0.0656599669270496	0.351910167420081	0.0918881758593583	0.215550712176677	0.0001087998875824	0.0693783924190913	0.0198043725080281	0.0002173809576981	0.185482031844434
11444465	0.0475463528751976	0.371177094914163	0.172454009877385	0.151348921886175	0.0140718618390592	0.0510173787770257	0.0203847612563396	0.0015084180105441	0.17049120056411
11453772	0.0364471721033305	0.329179918079842	0.173395140228177	0.19010062667642	0.0240716313964971	0.0415460602158611	0.0157160011683105	0.0007470852267997	0.188796364904762
11455530	0.0068092427531101	0.228023764396922	0.141240961779247	0.344768796161561	4.69840599039409e-05	0.0716999440652265	0.0294885953922473	0.0001946536952218	0.17772705769656
11460357	0.0485779228545307	0.318927491231044	0.133232006075869	0.221542678629442	0.0089365586043796	0.0614800838616451	0.0492883405719118	0.0005320745122666	0.157482843658911
11464261	0.0555567998923003	0.371539846287127	0.133629864702389	0.202489700524105	0.0010033992202952	0.0491483941460131	0.0130977460688051	0.0002890579881908	0.173245191170774
11466579	0.0542370428804133	0.331967903280044	0.182298786630144	0.208939026327213	0.0002833573073186	0.0452009250790421	0.0183918385751601	0.0004264048191186	0.158254715101546
11467746	0.0786376204140409	0.29339873474251	0.154257473551559	0.21862597992015	0.0001589734653232	0.0640383149759295	0.023951268232394	0.0001092691262613	0.166822365571831
11469504	0.0626035304573571	0.350646291638098	0.142156419904669	0.200020410230431	0.0003382645227756	0.0509418111099497	0.0216329368052041	0.0004022850961338	0.171258050235382
11471260	0.16957974973793	0.392166912296927	0.191828228665054	0.0650116745074588	0.0001008584460836	0.0250095302246665	0.0043831068691299	6.13687082316841e-05	0.151858570544519
11606935	0.0537687094349885	0.300335372392482	0.261419544424704	0.158186873156865	0.0008105760411083	0.0420680139866594	0.0138839656295312	0.0002720974189536	0.169254847514708
11615242	0.0705011748413127	0.352168055752654	0.157646277744799	0.183516744691109	0.0079189146484203	0.0319009217389587	0.0256793517933267	0.0009221754547134	0.169746383334706
11616707	0.0179849258004142	0.309802039096081	0.156568360716671	0.261954245336345	0.0001646577044645	0.0518581685544537	0.0264563236992093	0.0002476660107155	0.174963613081646
11619606	0.0015882120636871	0.222052516042895	0.217800865408852	0.282043900437403	0.0003606549351983	0.0611740529218162	0.0295972280999778	0.0002116743762171	0.185170895713953
11624423	0.0703740038050204	0.332697082516036	0.151358954437918	0.183388705589539	0.0002003395519273	0.0644901762998702	0.0233993685189226	0.000374114907208	0.173717254373559
11631558	0.0174200570271648	0.287131664558981	0.180246016712362	0.241689278163026	0.0016456819767448	0.0680128796644215	0.020477379690609	8.22247478019295e-05	0.18329481745889
11632851	0.0572276712305438	0.308654103303054	0.161887772947578	0.226947799909062	6.61101394521659e-05	0.0484615229343633	0.0219771737156046	9.08463157830809e-05	0.17468699950456
11652071	0.065603552394634	0.349445538023001	0.159457174793325	0.197642763365501	8.95087197960173e-05	0.0515516655785298	0.0144950314197509	0.000140586936029	0.161574178769434
11681508	0.0063758488934291	0.258694503796625	0.197475493575461	0.257810320699552	0.0001246588800352	0.0642027811683622	0.0218727543426088	0.0001199312536994	0.193323707390227
11697592	0.0813448021317807	0.341815576870946	0.184396167888032	0.189308369510706	9.2426221655698e-05	0.0374091726999933	0.0235953113569841	0.0004193760364397	0.141618797283463
12365619	0.0327421980849402	0.287091846652272	0.220904918663284	0.199392717002134	0.0001191197440583	0.0574218297248463	0.0276007167716526	0.000526699061724	0.174199954295088
1243685	0.0630359004865456	0.329099579439454	0.142675359601493	0.225720096746584	0.0001689308677787	0.0473155416688516	0.0203873958009425	0.0001137004227776	0.171483494965572
14184286	0.0095260617621292	0.273442081276069	0.234644476115202	0.224326843728238	0.0015860411738905	0.0538306668945794	0.0248087923740955	0.0001743684917652	0.17766066818403
14498577	0.125263169566283	0.359084527490918	0.14285867144115	0.145370138851951	0.0001930461867591	0.0435172943512174	0.015822091798483	0.0002581534133874	0.167632906899851
15113169	0.018660633226726	0.304174653246884	0.169018848990307	0.245199191711702	0.0001055968462509	0.0487851270137103	0.0242991356927477	0.0001499709556735	0.189606842315998
15114174	0.0521103614164828	0.333132476995375	0.16161316478723	0.184739182032673	9.96810235420913e-05	0.0651305078148066	0.0165575818699965	0.0001822796161151	0.186434764443778
15115927	0.0595727283928687	0.316776190754147	0.155900222187162	0.216820346517421	0.0001312030025865	0.0511248601089337	0.0189203507324136	8.62000226323732e-05	0.180667898281834
15121461	0.0145544562318273	0.30263495589241	0.212593342452517	0.216288578002843	0.0003753282153265	0.0524163234303247	0.0253938238694046	0.0003755900064046	0.175367601898943
15138884	0.0546779057341465	0.328905587362074	0.177530223766209	0.190889602875262	0.0002062798792576	0.0481376343176841	0.0235440170056931	0.0001799072410053	0.175928841818668
15144878	0.0652398377426479	0.316609838068	0.148626721905315	0.242358526424563	0.0009706152699279	0.0469674169980275	0.0191531852475337	0.0011686823170052	0.15890517602698
15161351	0.0735764528933722	0.341670095131361	0.152941077983123	0.217003019108702	0.0014031366865919	0.0342320928769936	0.0215908183834051	0.0002653974455116	0.157317909490939
15176592	0.131627973693756	0.358818719415263	0.129211216726808	0.171119994900646	5.51909584096047e-05	0.0517148988453328	0.0144116374834466	7.63908458370209e-05	0.1429639771305
15218541	0.0694326932070735	0.310734352059085	0.169497086676854	0.216655509648244	0.0001991406766489	0.0438977625253963	0.0216971892005006	0.0002050003227128	0.167681265683485
15387421	0.0319645182364236	0.324574685352085	0.206314273723019	0.19787217888769	0.0001144060959105	0.0431306347180413	0.0233987806073441	0.0003365244661384	0.172293997913348
15420223	0.0850959795392008	0.310425941670506	0.153317065559536	0.216744550854399	0.0003138136643002	0.045321217925786	0.0193354783008537	6.91893864809388e-05	0.169376763098937
15495024	0.0178562790841778	0.258281800868918	0.218644798967951	0.240379344527616	0.0036018069050122	0.0586380032674786	0.0258341800576086	0.0001907672131034	0.176573019108135
15712086	0.0696653673289278	0.321272569026351	0.162999709362305	0.203876530346866	0.0072701889159966	0.0501861332249035	0.0172872097502221	0.0002519059117304	0.167190386132698
15738428	0.0503192826691841	0.306952754282715	0.174696577592335	0.20454190992293	0.0009702412795601	0.0673983340628612	0.021598235588668	0.0003021903797407	0.173220474222006
15844425	0.0994822907824671	0.359967182475592	0.123154201836738	0.190044183233884	0.0003476173086276	0.0399389731237956	0.0202870639345803	0.0001141405728334	0.166664346731482
16513683	0.0027708958963827	0.283951250799749	0.191708342594544	0.241210861053933	0.0002085348263667	0.0720453414724365	0.0300912820045019	0.0006795041940991	0.177333987157988
17219510	0.0244638176804448	0.258944152291889	0.163160201093101	0.276708283165403	3.70349576390346e-05	0.0668324964918939	0.0274751110628176	9.93333037778218e-05	0.182279569953033
17929065	0.0747126284734395	0.326514872173692	0.166851248644802	0.172891450424128	0.00016161920058	0.0546800527437746	0.0327157195066706	0.0005652504584611	0.170907158374453
18414513	0.0339366732222718	0.276413207689711	0.175957307859297	0.273967574648704	0.0001077702569037	0.0456836356686641	0.0193744502332922	0.0002052870315054	0.17435409338965
20102505	0.0389119086267832	0.311153638969196	0.220903575905212	0.206512380783847	0.0036405423123839	0.0496705822790293	0.0148053147714	0.0007244782834916	0.153677578068657
20104101	0.0086125940750566	0.279096092321035	0.176247888031557	0.260687582222861	0.0005518097334814	0.0585945033897418	0.0327588566478903	0.0003972487455392	0.183053424832837
20105242	0.0670921155000363	0.358617895170249	0.149378539638493	0.172214147824402	0.010079461540289	0.043856567374263	0.0247118181125498	0.0003399738627097	0.173709480977009
20115276	0.0520086375960819	0.323541076207581	0.142079083979244	0.226260942179521	0.0003231962969141	0.047122081044698	0.0253629255927743	0.0002532594656027	0.183048797637582
20120255	0.0576049901509275	0.376896313233709	0.171400353863739	0.158954500039999	0.0002601264099794	0.0546906938440573	0.0138548797268428	0.0003380037441069	0.166000138986639
20124321	0.0462599299033508	0.292868345269929	0.187219649890583	0.233855512394763	0.0004942892488141	0.0428663139532763	0.0231843781471121	0.0002623953942183	0.172989185797953
20139562	0.0335709423243136	0.276075982392949	0.171077450040801	0.271635709757928	0.0007846808618244	0.0519504875456895	0.0228361186237646	0.0002913326072007	0.171777295845529
20139850	0.0996626198978539	0.33840875362635	0.13699279385289	0.195427556746182	0.0002157835092017	0.0477193241488802	0.0148049499027635	0.0001130012903646	0.166655217025514
20143248	0.0100257050924947	0.270413041271943	0.251089774966168	0.202548857492813	0.0079101930350501	0.0460475064926583	0.0354526407456165	0.001696289944973	0.174815990958284
20147026	0.126087584884548	0.377697516464853	0.135391564026075	0.162371498316323	0.00016095662345	0.0438037890433548	0.0111583887331353	6.71852577185008e-05	0.143261516650543
20147440	0.0375261241992282	0.296799664566543	0.18821315068114	0.260575540180495	0.0003670567128208	0.0464554435095655	0.0154898292742721	0.0008653020621874	0.153707888813747
20148879	0.0786262220324396	0.357817452661158	0.155276144745887	0.188249770472779	0.0003322767299392	0.0450337212327268	0.0139420852630235	0.0002969630319676	0.160425363830079
20149910	0.0510693508610666	0.329831751947623	0.13818994774667	0.211609740190463	0.0019393486667773	0.0622651528808057	0.0176758640004764	0.0007123177753815	0.186706525930737
20151388	0.0381383970277237	0.288165927381921	0.20425065867165	0.264826897368156	9.83351571182054e-05	0.0283565838994392	0.0208302114170557	0.0001294300664533	0.155203559010484
20152393	0.0807403688248186	0.358981212934487	0.180707404793649	0.168383808001753	0.0001760097116042	0.0324914326389783	0.0173391669827208	0.0001179980654998	0.161062598046489
20154287	0.0368285673963035	0.326843888541984	0.167922241946068	0.19262352030056	0.0001624044806547	0.0672493303920514	0.0227850997465949	0.0001359578248342	0.185448989370949
20156469	0.0293602650856681	0.266696560050781	0.187326790103951	0.236594180891339	9.30976851470816e-05	0.0749960682445825	0.0242478392685107	0.0010455065380842	0.179639692131937
20171508	0.0669894372387885	0.31919367528548	0.179480191665268	0.203730407359526	0.0001497020417526	0.0481156258009232	0.0207686806696336	0.0006078046334378	0.16096447530519
20173942	0.0606170093460926	0.339471064344988	0.180519216415802	0.160539469592558	0.0001206094990859	0.0575918032412936	0.0242248367292978	0.0002171341652807	0.176698856665602
20174533	0.0007248099859637	0.24369102960339	0.196450747603208	0.287878045326709	0.002897317780335	0.0553347518265275	0.0236813623839375	0.0004918947985334	0.188850040691396
20177982	0.0817591498828905	0.327359038602905	0.197352800001652	0.149976727293753	0.0001614432051294	0.0566550226114437	0.0170926183516654	0.0004421910897579	0.169201008960803
20178447	0.0346281821878826	0.297218541168594	0.185844020730382	0.189134496560359	0.0002685246032723	0.0849911507897527	0.0282294130505141	0.0001799706314598	0.179505700277783
20179164	0.0512765563738887	0.289738064844173	0.142292712444965	0.279901277943248	0.0003127718928691	0.0407774426405638	0.0224423337495243	0.000100533060334	0.173158307050434
20185860	0.165479529342974	0.32380522844131	0.133128488941074	0.170497841115098	7.32759324171206e-05	0.0492094152356468	0.0104420934928427	6.2032834423672e-05	0.147302094664213
20187042	0.0596209284909932	0.31877635508548	0.171269565233153	0.227610240991238	0.0002355393700149	0.0436611857265855	0.016005836543227	0.0001111926405484	0.162709155918761
20195344	0.0395473766254811	0.293048896151548	0.228790408932297	0.210329920000866	0.0011593421106379	0.0423370786095748	0.0194435818056098	0.0001769380645272	0.165166457699458
20197364	0.0605553556310728	0.318086969246969	0.169548210859563	0.177000911717688	0.0011977946587266	0.0572562890922549	0.0266022186866403	0.0011483664030325	0.188603883704052
20201189	0.0311895661944163	0.277557924791457	0.170925747608766	0.219442737913646	0.0001142503143681	0.0958923154596748	0.0248076273045954	0.000425678244727	0.17964415216835
20201927	0.0404143445289276	0.314626544079146	0.156697065553777	0.225800941661103	0.0001104477734064	0.0598826464611751	0.0359611444992401	0.000175104760819	0.166331760682405
20204538	0.0770346080847574	0.315120540375703	0.159323135430264	0.222886654457152	6.29672809602775e-05	0.0490035558981335	0.0135312082754518	0.0002807389261787	0.162756591271399
20205705	0.0402514830781278	0.301336881114755	0.206660155112909	0.218857074347173	0.0002494609900247	0.0310152103358539	0.0210356751583727	0.0003214860622387	0.180272573800545
20207013	0.0059163998794574	0.286368536970619	0.191533904576873	0.248859664957133	0.0127084906645085	0.0457398163319055	0.0266169075906142	0.0005854091128653	0.181670869916024
20221273	0.145300746572586	0.280221996407688	0.166244443079181	0.204834772524808	3.95476553657094e-05	0.0445138147720785	0.0121341065185631	5.15014168590889e-05	0.14665907105287
20225925	0.145006526636673	0.363698586884612	0.164857624940156	0.136519155586914	0.0003325969204188	0.0321884284700329	0.0119466886778522	4.56803934181535e-05	0.145404711489922
20232474	0.0413467901724918	0.323494083433635	0.17826011027645	0.211635584958996	0.0014705832575019	0.0565628948676945	0.0144368701857193	0.0001476401458683	0.172645442701643
20233939	0.0003886451145996	0.219310835914583	0.210683895122944	0.314902254673952	0.0046299794841349	0.0498976820236724	0.0231386198932949	0.0002330800793558	0.176815007693463
20240514	0.0425197270781295	0.316916754253254	0.156135220424797	0.214754589860809	0.0065846264178242	0.0541654428890886	0.0249633909151566	0.0002889691700479	0.183671278990893
20242958	0.029197836291426	0.31524396183131	0.199189604886445	0.218702294002555	0.0041790441891831	0.0438012185239936	0.0152158436566313	8.35285953555135e-05	0.1743866680231
20244554	0.104047019419498	0.313865308463639	0.132389930914783	0.223599979037908	0.0001010061296299	0.0561944122287146	0.0172442317302256	0.0001152874760465	0.152442824599556
20249897	0.0937546877199084	0.31997931020896	0.199223890993452	0.186923288549335	0.0001903148770743	0.0388848313059051	0.0083218278817744	7.35903187026397e-05	0.152648258144888
20251553	0.0410374876241725	0.273264985426597	0.236062929766774	0.186986133408826	0.0021647251313788	0.0563258016696653	0.0270786833031971	0.000348352494048	0.176730901175341
20252720	0.0634028384570191	0.323752660561923	0.150490599968698	0.221514492970242	0.0007838363205281	0.0548172747121308	0.0167020859791326	8.70917343331671e-05	0.168449119295993
20254164	0.0270337067389207	0.308957559748845	0.129169022540944	0.279473340492749	0.0023782540648775	0.0622474417911605	0.0179165933697394	0.0002841486805131	0.17253993257225
20254876	0.0049746213244868	0.269993044980222	0.196407485625874	0.259257366186921	0.000704972196001	0.0619055780369538	0.0323965539078489	0.0005107935024057	0.173849584239287
20254902	0.0201505737418818	0.284838940840424	0.224871205572911	0.226117283759225	0.0022079856168483	0.0456101881748796	0.0211827970445418	0.0006532891063517	0.174367736142936
20260284	0.0191281898055964	0.265603305297203	0.175880061211362	0.280664407592448	0.0013970808327208	0.0494084601881878	0.0235589244461803	0.0003625686509998	0.183997001975302
20260734	0.0042770809626606	0.244228063951263	0.211382238965537	0.301309633285502	0.0036153928782283	0.0394857844527915	0.0262683197416701	0.0001858557719402	0.169247629990408
20261901	0.0217726921740466	0.346304315727972	0.144748108080996	0.238275396514146	0.0036200891397071	0.0361346222174393	0.026897900078278	0.0009170947589155	0.181329781308499
20263921	0.0083460753550886	0.23757195537125	0.212696576032617	0.27804438554414	0.0073735339099879	0.0439345220736139	0.0282913250792274	0.0001988790727607	0.183542747561315
20264936	0.0868185706552736	0.372934276716148	0.130205988901213	0.159936647578301	0.0001618602093971	0.045889449492521	0.0103082996820812	0.0002181323292899	0.193526774435775
20267709	0.0003256140659323	0.191964009443129	0.155955668782838	0.317895837051665	0.0006419234987096	0.0779309001199305	0.0664824176671299	0.0002727460491482	0.188530883321518
20270768	0.0744264089227216	0.331703427883142	0.13388675720138	0.204639517486115	0.0001198372924226	0.0602210369282876	0.0266471918307341	0.0001018020669666	0.16825402038823
20270920	0.117332196132901	0.378100164405553	0.143786220259481	0.158823108762791	8.58980616137013e-05	0.0316965681903973	0.0129155016957299	0.0001340388081802	0.157126303683353
20271359	0.103450973556693	0.361438379794191	0.163659508080898	0.157391938767032	0.0007701729624093	0.0362206345029404	0.0160089522008884	7.27644385547436e-05	0.160986675696393
20275399	0.0322357121352932	0.303547225370741	0.177107515872909	0.265698720706367	0.0001248309461704	0.0394548924675137	0.0175719293974787	0.0002506711105692	0.164008501992958
20280666	0.0389396991267678	0.289269364364996	0.133979690450164	0.269398954920588	0.0004421179723342	0.0589506493367919	0.0331362938999472	0.0001070575341488	0.175776172394261
20297791	0.0519190542622038	0.317575851116816	0.15369611670194	0.232381114794871	0.0013407866994638	0.0438740654168117	0.0182020397216939	0.000180884470209	0.180830086815991
20299973	0.0162546549508614	0.311643565840938	0.195817857537563	0.194286222071499	0.0001220325969221	0.0564889130060857	0.0243507996394575	0.0014929563261049	0.199542998030569
20311676	0.0338812116253892	0.324556766086714	0.180362851642059	0.198998419223665	0.0022364481741017	0.0584124244154676	0.0151279667087683	0.0001503093954446	0.186273602728391
20344143	0.0245593517445365	0.317265132195519	0.174671447437187	0.210367197297818	0.0001097430428172	0.0651184794763538	0.0310911227213752	0.0008726204633945	0.175944905620998
20358955	0.10180371834532	0.380880927178018	0.153679999843959	0.152024036959357	7.15313336237313e-05	0.0431584299794564	0.011722315940629	8.90459411225786e-05	0.156569994478513
20365116	0.0008167096367518	0.23541321975209	0.151755747437651	0.28943593787344	0.0001473595541767	0.0973286084482815	0.0323482482660601	0.0003120399777736	0.192442129053775
20376029	0.0106256946429275	0.262783173677844	0.167019386525453	0.218936461073127	0.0003647495438943	0.112159328913133	0.0332294197923774	0.0005840313904391	0.194297754440806
20390027	0.0100228032903033	0.311219303151011	0.20802613656751	0.18660367525652	0.00052258420384	0.0732846616848749	0.0361178539728129	0.0006878621159228	0.173515119757205
20399274	0.0414175516212777	0.293041492004866	0.168784169298884	0.237118648473527	0.0109953650991898	0.0547902238219957	0.0223622379916657	0.0001883463776894	0.171301965310905
20416210	0.0511392069139113	0.306916668495318	0.150634666801584	0.249818214611761	0.0001614348157911	0.0485201515085759	0.024271219185752	0.0002220153036478	0.168316422363659
20431359	0.0001219098723373	0.242327577126074	0.193622977279019	0.30035151746892	0.0125080742994148	0.0363548446023511	0.0355880288458372	0.0003497180474785	0.178775352458568
20453625	0.0837380868052832	0.367961712411287	0.184184653635379	0.157861851460435	8.45305567242806e-05	0.0345252649009969	0.011323149299397	8.64072677523642e-05	0.160234343662745
20455807	0.005172384136515	0.261841977474608	0.195801823785894	0.297484936880234	6.87537581704719e-05	0.0609532098275728	0.0211876765223167	0.0006707173305405	0.156818520284148
20487369	0.0652071720137309	0.365827366188291	0.131246209876845	0.198408275545947	0.0001225116881843	0.0490010274059353	0.0169718144867162	0.0006679008339009	0.172547721960448
20494368	0.0266921037539083	0.297775198516084	0.150378982458672	0.258295877181658	0.0006570531356815	0.0601932315571977	0.0209399156185055	5.2552686872214e-05	0.185015085091421
20500815	0.13564072538014	0.398535556222906	0.0916353797938916	0.128453148635417	8.18653882922076e-05	0.0435089158033272	0.042773054983808	0.0002974249760955	0.159073928816122
20501668	0.0508921042794127	0.322879051016571	0.147384618504638	0.222688102963096	0.0007119865339304	0.0551009374805104	0.0242449007096923	0.0001906661287243	0.175907632383425
20504017	0.0470942981417012	0.335283236197363	0.165824624457126	0.219354053722026	0.0045202861067966	0.0410668498004423	0.0195653720592996	0.0004451685367157	0.16684611097853
20521752	0.0495343771288207	0.325118029413942	0.139889486449909	0.25433576677473	0.0005967850686688	0.0502596135048151	0.0140039985487617	0.0002145415547912	0.166047401555562
20532115	0.0250495987450168	0.344224520753716	0.170724314593945	0.197042084631439	0.0062953143851652	0.0495811757074369	0.0213287565236056	0.0005638254519404	0.185190409207734
20559562	0.0279018192625834	0.306602729227593	0.169425958753891	0.249861039837588	0.0001514374844511	0.0487653879341791	0.0189358058074115	8.73185970975752e-05	0.178268503095206
20561642	0.0027087882829417	0.246654647217026	0.250891608014448	0.213120822644946	0.0001028738347392	0.0668994971500347	0.0255419751582762	0.0005059291902461	0.193573858507341
20569910	0.0616318613036954	0.298360421087201	0.155857864201193	0.213916100390366	0.0013800533299909	0.0646550179092084	0.0397932848378755	0.0002104961645676	0.164194900775902
20583594	0.0894752783453141	0.368506729851538	0.139178860067709	0.202993252726075	0.002626795992741	0.0322881180047321	0.0126498926797902	0.0006393482171546	0.151641724114945
20584923	0.0047572169840377	0.230131817195433	0.183952377078018	0.334516205039706	0.0019318410371224	0.0406540125947013	0.0301286091710208	0.0003779674436707	0.17354995345629
20594407	0.0778237116630261	0.367243616246789	0.15940761514748	0.181958494599383	0.0015003133837824	0.0339937017211067	0.0088456150613553	0.000183312445657	0.16904361973142
20602974	0.073131427605763	0.311514304979695	0.143229622424348	0.230107408512674	6.04573208260877e-05	0.0568007034158161	0.0170229376432721	3.90851252090527e-05	0.168094052972397
20603141	0.0169539246738018	0.274919674270235	0.153275888018584	0.2647250631317	0.0006685452041552	0.0749039022915508	0.0273345697012759	0.0009271099402547	0.186291322768443
20610726	0.032991449398715	0.344420129012836	0.245898019228116	0.1617276842415	0.0059913981049028	0.0337348019147224	0.015772374212655	0.0002559428582226	0.159208201028331
20611993	0.0490821926422818	0.326373710197993	0.129833638558309	0.239122958589268	0.0054792441084006	0.0509157181470162	0.0166055032201554	0.0001831493996297	0.182403885136946
20630946	0.0729619976982882	0.355858929883975	0.161786659951674	0.195904541961355	6.76509971847461e-05	0.0360864516659749	0.0148380060393709	6.4501755269196e-05	0.162431260046908
20646778	0.0453850056060693	0.318895590271121	0.205662616920575	0.18110811221108	9.64538761446817e-05	0.0512434742168593	0.0199896267924251	8.99779883784713e-05	0.177529142117348
20656964	0.0743757464073819	0.332062941912201	0.126540469883369	0.232672676479805	0.0033984870458593	0.0401146536217054	0.0212252716515829	0.0008499732607325	0.168759779737362
20665307	0.0729970864704601	0.32385093980354	0.180693693106529	0.20204498367615	0.0076986226433421	0.0409038741653472	0.0129107574297924	0.0001846229050377	0.158715419799801
20674902	0.0156092872369417	0.275062973303333	0.196839112846706	0.26764841911495	0.0027125958434183	0.0332182963109227	0.0249361718822005	0.0001046614225387	0.183868482038988
20683921	0.0415355215266263	0.292328808818817	0.140454703436505	0.205173633905276	0.0004025068063305	0.0953344537499521	0.0438086491907434	8.67293120145485e-05	0.180874993253735
20706215	9.35058909157283e-05	0.185335462371982	0.195108790528921	0.282351502490293	0.0104294989047895	0.0808303285920599	0.0498296030055204	0.001265265692109	0.19475604252341
20726273	0.0342781917084253	0.327102285597911	0.177137935555184	0.216560505289462	0.0027381882766482	0.0479574386130076	0.0189693954460472	0.0002269856003435	0.175029073912971
20730959	0.0553096275702205	0.325644664904254	0.152734706185401	0.225058923192485	6.66493822504883e-05	0.0543950757069848	0.0172841252097026	9.98838943692269e-05	0.169406343954332
20767628	0.237419368686628	0.371616819999846	0.156905997181132	0.0350844544007782	0.0003183796994331	0.0258258174509276	0.0118541974055025	0.0001219700603576	0.160852995115394
20774339	0.0723752481814216	0.33770484815994	0.165115824407929	0.205933725898428	0.001865585146212	0.0369571499251477	0.0160699654196362	0.0002240498141753	0.163753603047109
20779834	0.0002492217676801	0.235656644294857	0.153966601604609	0.309588424740588	0.0068230993805302	0.067272549878733	0.033852386437497	0.0002064797120262	0.192384592183479
20780035	0.0189643889944058	0.270393381962529	0.176819323049852	0.288781932203266	0.0017527395511639	0.0421107269602074	0.0248362631765792	0.0002735597545137	0.176067684347484
20798913	0.0003943428174142	0.237862363120586	0.241253170746078	0.202939066749547	0.0002024691484552	0.122626808451352	0.0233764071078157	0.0013996546900547	0.169945717168698
20800682	0.0540698144793133	0.217242557748044	0.14168003466191	0.209881750793044	3.44619281084151e-05	0.138808428750722	0.0606216283103692	0.0004234586288586	0.17723786469963
20821943	0.0501973504215517	0.30726468516298	0.129198117091208	0.242926966690565	0.0001267706877139	0.0562050316131895	0.0271628673236945	0.0002011940467414	0.186717016962356
20834164	0.0421529139164944	0.328007119622115	0.178383240139125	0.20728354674152	0.0039094094564282	0.0400775388093865	0.0177943689399872	0.0001824377750616	0.182209424599882
20865035	0.0221703919489383	0.309820546449116	0.139298624037857	0.244630987866033	0.0014891579255674	0.059469980950391	0.0265508580894819	0.0005691831045904	0.196000269628024
20898476	0.0151188005234682	0.322537828175595	0.179541687739788	0.256117158210622	0.0001018918012458	0.0322116942242787	0.0190850785385126	0.0001621332020871	0.175123727584403
20904509	0.0645841721872773	0.323343479221323	0.154731934840058	0.221842426584575	9.60478879343496e-05	0.0457595617422807	0.0134193521043255	8.12370568058725e-05	0.17614178837542
20906079	0.0002920063468796	0.231760706104217	0.191419376333078	0.341601006835126	0.0069047346353583	0.0290209060846791	0.0221998898519013	0.0001605067062515	0.17664086710251
20906493	0.0149088748962887	0.290157867544743	0.121075868355651	0.266302718379659	0.0002972006785576	0.0847843080394067	0.0273727955950729	0.0001794577312548	0.194920908779366
20907246	0.0428127764902798	0.321946314585253	0.143255367261616	0.230245998870183	0.0001093634447135	0.0640567181851431	0.0166061291333655	0.0001150665062085	0.180852265523238
20914669	0.100948114363988	0.334954369463894	0.201858731396015	0.13246061337716	0.0009216419762647	0.0494341657909658	0.0157991367293145	0.000112778663928	0.163510448238469
20922259	0.0371154437641011	0.323729103741959	0.138119046093372	0.275950723806434	6.97225420167355e-05	0.0425144613591232	0.0157343636556357	0.000249238251175	0.166517896786183
20925996	0.0086000523748932	0.276582268840365	0.194466137629182	0.265712556101732	0.0039700353571373	0.0474325978939334	0.0253654320359499	0.0010030157871059	0.1768679039797
20933324	0.0507618466865938	0.307487982529947	0.163792576410044	0.24642407371103	0.000165489680219	0.0471222941939723	0.0180665961438993	0.0001834718752638	0.16599566876903
20939708	0.11789393218659	0.359993339987879	0.173736466278442	0.0970693690404214	7.1898798917853e-05	0.0601534368113072	0.0144703292776739	0.0001409320123975	0.176470295606371
20942767	0.0475085103236386	0.295820734400967	0.147830037196139	0.244859609959585	8.74028931535945e-05	0.0718106320049249	0.026197295946674	7.18531062941963e-05	0.165813924168625
20944237	0.0931878590102689	0.300793000479478	0.137815929995772	0.263127589656132	4.95571880325074e-05	0.0503918319612221	0.0142856365991603	8.90142953901939e-05	0.140259580814543
20945666	0.027462474945673	0.314664823919143	0.17792386050395	0.222770743763916	0.0002375156401215	0.0484606481486637	0.0203739775615012	0.0001382347624005	0.187967720754631
20946257	0.0104156346887788	0.290375646700147	0.174261385863164	0.261910492474168	0.0016057196361918	0.0580034978344251	0.0167090615653912	0.0010416470815537	0.18567691415618
20946545	0.128152400851502	0.311379618710651	0.134916532991007	0.181372528173577	0.0008327103406531	0.0585933760594789	0.033926966949568	0.0001015320518482	0.150724333871714
20956605	0.0612925860281307	0.296348676487435	0.173999563696509	0.229750557224756	8.65829579215378e-05	0.0608555650242332	0.0146020894702475	5.2552933938644e-05	0.163011826176829
20956867	0.0743953178493645	0.360274870165317	0.0943547767810338	0.212130274136334	8.76178744257913e-05	0.06094906148744	0.0219177309780095	0.0001065454494461	0.175783805278628
20963578	0.0378903834368506	0.264236333966095	0.189791356950055	0.221613860196802	0.0001170014358989	0.070006599562358	0.0362211444174999	0.0001104044392896	0.180012915595151
20966477	0.0752988742948387	0.338974743643553	0.211760955666126	0.148796596493875	0.0023551025963369	0.0402771280997942	0.0175620786480199	0.0003635370103983	0.164610983547058
20969088	0.0584379349685879	0.348896588613616	0.139805616307624	0.194098469335155	0.002713661216215	0.0445462768636557	0.0355664586774256	0.0001701955434945	0.175764798474227
20970441	0.067780595270617	0.314157344008482	0.158725409587693	0.209320613029843	7.16992933187676e-05	0.0517062513217541	0.0226113120339603	0.0001899601125582	0.175436815341774
20974481	0.070300106748432	0.307280567073781	0.123661382567272	0.224555285797448	1.66625578964588e-05	0.0528447043290168	0.0508398639657245	4.43116364104242e-05	0.170457115324018
20977678	0.0013934070082119	0.296940148518782	0.18340397525747	0.24962678950754	0.0085942304122303	0.0453727063814444	0.0358341406655612	0.0015823721892514	0.177252230059509
20983400	0.0683562676579595	0.315128406164706	0.175244081070891	0.183569355798488	0.0004092423903173	0.0639228339250642	0.0221332731200263	0.0002690857540354	0.170967454118511
20989910	0.15451345327995	0.369273595329775	0.135070076378552	0.150351671693738	5.41330155327521e-05	0.0319979922806849	0.0102028870953167	7.09720224887746e-05	0.148465218903962
20993308	0.0561855895408899	0.298897560371621	0.165840089732379	0.244305275594172	0.0002709609631151	0.0482175274311116	0.0163093669395475	0.0003018140595119	0.169671815367652
20996621	0.0634766033431632	0.317077849253631	0.142835742538886	0.234369328192518	0.0001018227279473	0.0519908843906325	0.0163145233655032	0.0004841095213113	0.173349136666408
20998065	0.118103119778656	0.444856481955315	0.154527153339531	0.0583538448796086	0.0010890690835824	0.0345272472658152	0.0163861362294199	0.0007766594107179	0.171380288057354
21000180	0.0351606102649308	0.306041757166766	0.179295850810037	0.24816350223428	2.5067472391357e-05	0.0450571302923976	0.0214427044650201	4.16957456287001e-05	0.164771681548549
21000504	0.0364107065836345	0.278122340560287	0.141958194823793	0.264454274827884	0.0012617371399728	0.0743846457103838	0.0224766659881131	0.0001996536561541	0.180731780709778
21000630	0.024640395430552	0.246391639242817	0.145777955543484	0.298444463765865	0.0001852680356784	0.0653249128035824	0.0370371835736421	0.0002295048348644	0.181968676769514
21001519	0.0458093009400846	0.319963806996949	0.139355799576755	0.240479319863189	0.0007523830883734	0.0428196617077635	0.0372606897464519	0.0012117882441744	0.172347249836259
21001807	0.0178579603874265	0.304462993559458	0.179574801239382	0.209772776471113	0.0009888695093219	0.0801533994063388	0.0235635628301775	0.0005218985945206	0.183103738002261
21001933	0.0477733562961878	0.326273710441143	0.180703947304679	0.200556762777424	0.0001259213344553	0.0489764983716285	0.020236443226528	7.75508877901201e-05	0.175275809360164
21002524	0.005169636644598	0.293948040706274	0.154041349205533	0.26459389974782	0.0006136938289736	0.0695169545753109	0.0210420680172344	9.75329405593067e-05	0.190976824333696
21101658	0.0514307370275745	0.275810719554647	0.223194588888184	0.193000189792012	7.95440676444824e-05	0.0596146387754922	0.0296413024033824	0.0001946627310267	0.167033616760036
21112011	0.0555215636863127	0.357453116601499	0.152619572856433	0.196962572923349	6.58182933117923e-05	0.0446122653817827	0.0209791530554861	0.0001345456221384	0.171651391579688
21117192	0.0750666324232732	0.37072425958292	0.158257290001414	0.176794399350463	0.0066706189725376	0.032972960845751	0.0169588833979811	0.0001552391710133	0.162399716254645
21126085	0.133466765859529	0.396301971384844	0.122938313258036	0.151862893578122	0.0005002989107305	0.035574185220177	0.0118565866347874	0.0001955016631925	0.147303483490583
21138877	0.147147797447414	0.339751424789048	0.181506549945917	0.153872203083042	0.000584133389972	0.034581122987973	0.0073862312041833	0.0002285808386361	0.134941956313815
21140119	0.0005107561671949	0.208818795927692	0.230662779823999	0.294260692684954	0.0030635296135113	0.0501173699092169	0.0253337516892255	0.0001875643492372	0.187044759834968
21155350	0.0004340410007896	0.180385305031545	0.223902944940849	0.290995854955912	8.44666261103349e-05	0.0772163437770304	0.0380626968266494	0.0006515654547884	0.188266781386325
21157370	0.0107218965322668	0.274183501255253	0.192285179067173	0.202519664031947	5.92805203920128e-05	0.0804299827563663	0.0388099778642081	0.0001544725996054	0.200836045372789
21174303	0.0551501460664068	0.308769467670045	0.142674675247132	0.266661429228069	0.0003737406907799	0.0417366948948995	0.0179477782112537	0.0002008148571562	0.166485253134257
21176459	0.180387158054318	0.375932881475216	0.124279890377976	0.12582077892433	7.80111251796204e-05	0.0299696935741769	0.0137298615033684	9.63206915298117e-05	0.149705404273905
21181988	0.0675233062308873	0.34169993505854	0.14505178516383	0.20236779757455	6.34783057317047e-05	0.0486384674244254	0.0226729688466772	0.0002627510763498	0.171719510319009
21183160	0.0004729650428616	0.219751647849975	0.149238353386588	0.269892026136646	0.0004869437744706	0.110122695845126	0.0414688630764244	0.0005588287380488	0.208007676149859
21185180	0.0366079818041067	0.335702441634249	0.156487439965225	0.221595110355154	0.0038461496784075	0.04278320101011	0.016455133151174	0.000161012560116	0.186361529841458
21189544	0.0916907118388023	0.353411099085872	0.122132771678184	0.228079162734816	0.0001606020622743	0.0365179965187023	0.0183981302906185	9.38125886202527e-05	0.14951571320211
21191200	0.0682088885330497	0.351334650515643	0.152205916602982	0.217976509413982	0.0001164260093438	0.0390931293148333	0.0155756992981179	0.0001302300396847	0.155358550272363
21193068	0.1548671920101	0.359054998046338	0.101854209405649	0.170605233493445	6.87828032849546e-05	0.0487562122901509	0.0111856582799916	7.17097912477116e-05	0.153536003879794
21232244	0.0246496185817269	0.300386951764132	0.192767004925521	0.248019938387424	0.0003978845498078	0.0488580563435686	0.0175254228984805	0.0001303876412792	0.16726473490806
21272396	0.0166007688624443	0.321895674038877	0.191272627608936	0.227039120967768	0.0002266297602912	0.0385337704327467	0.0251553545774272	0.0001668786463321	0.179109175105178
21274280	0.0386057013320882	0.288373979555101	0.129384077703524	0.264607097061029	0.0029359692857394	0.0607319156451398	0.0483404543274713	0.0002942970480789	0.166726508041828
21274866	0.0903376357828343	0.340484653675046	0.196914564549629	0.171740220002344	8.33536362752322e-05	0.0327281420200733	0.0132663329180123	8.47851097695996e-05	0.154360312306016
21293107	0.0002186799017993	0.206329308981557	0.158698572384693	0.341168278314706	0.0002535133516556	0.0712507377647282	0.0308258526962161	0.000216039331377	0.191039017273268
21362537	0.134809302895727	0.423723100898499	0.151108938669946	0.0842699430232333	0.0003608593701289	0.0371704648540332	0.0128704318746573	0.0002543308862865	0.155432627527488
21402016	0.0966133666760123	0.337941858697626	0.194979932904168	0.150942173628323	8.50383294972315e-05	0.0330657854218464	0.0164144766080849	0.0001813068954809	0.169776060838961
21402304	0.0362854326350488	0.29269046591604	0.171226544095006	0.248727220258189	0.0001776471686273	0.0616984868920332	0.0197831494874899	0.0002041267461208	0.169206926801445
21403733	0.0435649309412163	0.335104641922085	0.166975626446356	0.215063900641645	0.0089598079549256	0.0431636074115373	0.0200950728613566	0.0007255418258072	0.166346869995072
21405627	0.0597422518162619	0.31910802994069	0.211114669865335	0.161220421635228	0.002360773749029	0.0476751532784551	0.0288033708590734	0.0005260254764335	0.169449303379493
21407511	0.0153689989297116	0.292336163164101	0.180378333844815	0.247708031722408	9.65224316977552e-05	0.0606886589415508	0.0218746689275709	0.0003077789902927	0.181240843047852
21411297	0.0145582296415236	0.264230874032055	0.19031861387466	0.275153382368477	0.0005649362618934	0.0530483698899751	0.0268366017719046	0.0006869224389755	0.174602069720536
21411323	0.0706672236550372	0.34587594521507	0.219772181062319	0.132297239026379	0.0007838506904706	0.0483996614308851	0.0164676958447236	0.0003289419304026	0.165407261144713
21411459	0.0216020336414745	0.280551644354767	0.144677361149324	0.275627059099144	6.04811973054905e-05	0.0644323621351177	0.0286104526176236	7.3353919064734e-05	0.184365251886178
21412752	0.0474736295591051	0.319178641122205	0.123149728267941	0.184022633278405	6.65116276582485e-05	0.0882957509206919	0.0719793656053063	0.0002363535809236	0.165597386037763
21413181	0.0128249990710124	0.299388967264185	0.170139081246106	0.236021868715912	0.0001433774608699	0.0729346487995998	0.0247655218802497	0.0001831600588986	0.183598375503167
22101842	0.0764386846087738	0.31714835958124	0.0864042320664756	0.314081973838251	4.8597946577701e-05	0.0382189861343666	0.0148384350882128	5.64005119457724e-05	0.152764330224157
22776575	0.0499233375467164	0.2918842112656	0.157319680772415	0.253973031695703	0.0006834960335164	0.0508287760982553	0.0198613957188306	0.00040119584113	0.175124875027833
22868024	0.0412840812770362	0.268450333129232	0.146754212419384	0.298499692667809	0.0002721695110898	0.0475139511983871	0.0212383124573966	0.0001732223817742	0.175814024957892
23004922	0.0247763383076566	0.283201395571737	0.194186311381938	0.22788535202927	0.0028246102440224	0.0542419275914268	0.0264727780327472	0.0003302698921144	0.186081016949087
24039289	0.0001717170305108	0.255931055796729	0.193884426407627	0.295345054892461	0.0029316713519859	0.0426729101618283	0.0189164959856121	0.0003926630189373	0.189754005354308
24310553	0.0313688018706824	0.300961103721962	0.152798715527541	0.26433276345725	0.0001587189312537	0.0533241961939407	0.0189859704536378	0.0001215682486436	0.177948161595089
2525608	0.0454249991552488	0.349931364644621	0.159418862100541	0.186338900215789	0.0002178182293257	0.0569196349204008	0.015706726344548	6.26552840173653e-05	0.185979039105508
25300551	0.0758872984129033	0.290676465934152	0.130263430683721	0.273534966277476	5.78459295416717e-05	0.05183945663331	0.0203600181693988	7.12210425447482e-05	0.157309296916952
25580771	0.0004397142103339	0.247195011380311	0.199631056448859	0.219053011950367	0.0007589562663829	0.099758236045148	0.0441722495227777	0.0024506170578374	0.186541147117983
27313862	0.0344963336344345	0.313793577416892	0.190733615440943	0.236459249228825	0.0002883375414174	0.0367505025204807	0.0163363511269613	0.0001036916971955	0.171038341392851
2899847	0.0506912322176246	0.304413460613546	0.171253372555471	0.227403587826575	0.0002089990912947	0.0279984887390372	0.0503325434363308	6.63185003576152e-05	0.167631997019763
29933130	0.0520293713306343	0.295007692144651	0.175488976215472	0.261766548873263	0.0001452460648734	0.0322612468504064	0.0215607956885167	0.0001548264086264	0.161585296423556
30819298	0.000211355289242	0.239625247114698	0.203810244656156	0.308298653118425	0.0102312238832419	0.0336533712573331	0.0237443822035387	0.0007072873317783	0.179718235145586
31509843	0.0022907464780337	0.288161815788692	0.197823555435979	0.270392139233479	0.0001142075801476	0.0502048456769036	0.0222863378234896	0.0005375039892407	0.168188847994034
31756046	0.0143365082258145	0.262445451301493	0.182855349399834	0.279280294528735	0.0021824110167199	0.0503736089819764	0.0187737598866708	5.73355078124949e-05	0.189695281150943
31908032	0.023565018393436	0.255163612976497	0.155366227686182	0.301878734948965	0.0002419009629674	0.0600889126123252	0.0222403294869924	0.000147317647748	0.181307945284886
32971269	0.0463185568480267	0.281820071879905	0.151653057670708	0.273733603949234	4.91573634546958e-05	0.0644986261369821	0.0170593347107041	6.76808797598372e-05	0.164799910561226
33411712	0.0001033735872756	0.25055528395085	0.143600572508378	0.327421135816145	0.0005581864463881	0.0692375453977889	0.032239545149755	0.0001613414184339	0.176123015724985
33477756	0.0814620423702898	0.327021569781929	0.130541047270422	0.218858315530164	0.001072574475331	0.0547972769805442	0.0169410415328844	5.93999809701796e-05	0.169246732077465
34962204	0.0475787636514258	0.351691548317818	0.14092615680925	0.208068269380055	0.0054487299584808	0.0467118508550239	0.0222701879550255	0.0001994244156677	0.177105068657253
35286551	0.0443462401129003	0.298608449048913	0.122915604959288	0.280833521189568	0.0048020219368314	0.0536766875988968	0.0176798948411117	0.0003484813096393	0.176789099002851
35941263	0.0294004639131302	0.283793040394849	0.214896969290172	0.236613749915113	0.0001881992852465	0.0466670437305997	0.019540593958968	0.000513190168628	0.168386749343293
36379623	0.0123904352434811	0.250156691755729	0.127529944011963	0.287462663517611	5.25712451483899e-05	0.100057480557455	0.0367514316044399	0.0001737632045562	0.185425018859615
36492755	0.0453618030553656	0.3851113961274	0.161373935555115	0.153556614277528	0.0039584644061263	0.0496496986593774	0.023299090909566	0.000356490459104	0.177332506550419
36830117	0.0100534228999367	0.256200698555828	0.304107500265993	0.159607310306894	0.0017410538176795	0.0765172121676685	0.0212106353788626	0.0015388396747074	0.169023326932429
37065652	0.0752782760401881	0.321947289525957	0.161493336078506	0.18363797895109	0.000638433774505	0.0472957998425058	0.0290612503124727	0.0008439688363913	0.179803666638385
3713990	0.0601828025877158	0.341786432107473	0.167869438052523	0.176349703517253	0.0002714974837393	0.0556476344974799	0.0272206867560866	0.0002462577941203	0.170425547203609
37178462	0.0863983709763653	0.363289072568639	0.198247376528645	0.128989043469614	0.0004873375608871	0.0417443933315069	0.0126418220842026	0.0001895415618154	0.168013041918324
37527863	0.001161553540786	0.24184143583519	0.176722822294353	0.30052523046897	8.91998649457238e-05	0.0801644526540709	0.0225307987817646	0.000385859171864	0.176578647388056
39316600	0.0348471806776	0.287455290582259	0.165642577570787	0.268756561759714	0.0001136251316437	0.0566920421925624	0.0194575014369137	6.98956876579376e-05	0.166965324960863
39484737	0.0546583137952829	0.3207921410811	0.168079590629994	0.21447342161792	0.0008072288749364	0.0553390630267435	0.0200112994309109	0.0001032333634891	0.165735708179622
39989287	0.0285716375247605	0.281271676553246	0.17124650899214	0.275075476749677	0.0007215471159796	0.0475769291349023	0.0215808937699916	0.0002848281368953	0.173670502022407
43074402	0.0596226383055723	0.326076457067294	0.166160668591038	0.218284196616	0.0023122592691842	0.0446455470260667	0.0167468197446255	0.0001004338215813	0.166050979558638
43485807	0.0864250857113359	0.350213928647085	0.118931724057233	0.224981927039291	0.0002134188736283	0.0374548875608075	0.0156636498827971	0.0001795773606013	0.165935800867221
44019405	0.0195375445430203	0.290806322444051	0.176010514666429	0.249939610567476	0.0029943198064995	0.0551215763058818	0.0233219555921038	0.0004563539986526	0.181811802075887
44299049	0.0358202168978315	0.336125732321628	0.161272284519491	0.193358593529023	0.0064691094662556	0.0608148406087893	0.0266842088628709	0.0006911172121294	0.178763896581982
45115248	0.0147309749514563	0.293439886525469	0.186533497996013	0.20743703533463	0.0026011225508595	0.0738411814958299	0.0279809776157272	0.0002314828956608	0.193203840634354
45566083	0.0016461173135571	0.222331898461584	0.18353497100441	0.263085110847632	0.0001407684182795	0.0934525437094934	0.0442364841604185	0.0006699861395918	0.190902119945034
45800230	0.0549648325539091	0.344428427339875	0.190559302737863	0.165152445308002	0.0014090716474227	0.0590367363962871	0.0114152427524368	0.0002354112675252	0.172798529996678
46000440	0.138285930145602	0.35712471836978	0.146884426467681	0.160951125063191	5.63580886473387e-05	0.0359191243430403	0.0108346239406043	8.21012459353421e-05	0.149861592335519
46246604	0.0572946366792679	0.255115940880578	0.1044071989665	0.377604244751327	3.24377471979296e-05	0.0467490862611496	0.0247196279614137	6.11893682567474e-05	0.134015637384308
46251007	0.102724268375131	0.382125216675777	0.145159713843391	0.152822013307649	0.005511983857727	0.034656211745138	0.014923560090669	0.0002442786942128	0.161832753410305
46369736	0.0860943388202711	0.336659028296557	0.12973783202941	0.224549260420385	0.002475879272511	0.0352125991104726	0.0204802744434098	0.0002821261620611	0.164508661444922
482428	0.0612401071509122	0.321476989317778	0.146240978865465	0.214936280004439	3.57406510697711e-05	0.0619359481252595	0.021940845100812	0.0001072241307335	0.172085886653531
4879843	0.0524732621340874	0.30168257264368	0.247574090326894	0.157759108500912	0.0001736599523559	0.0496517229173988	0.0214373043724865	0.0001215087431807	0.169126770409004
50100482	0.0002234144466488	0.273918365509157	0.165716434161544	0.24611439272898	0.0084975834587908	0.0887871478171704	0.0296160625814949	0.0002607360142878	0.186865863281926
50100518	0.0518238859380698	0.319930710964688	0.228214711779314	0.114610215423465	0.0004689005223239	0.0701088273698032	0.0470993296515895	0.0003453524611651	0.167398065889581
50100770	0.0003604723319839	0.230943259054674	0.215686965485293	0.284540305403143	0.0039069880391888	0.061369900508014	0.0226105404798561	0.0002542570133521	0.180327311684495
50100806	0.0231161163164455	0.345131882200849	0.136472387607188	0.218239507207303	0.0036825275228208	0.0573822469193297	0.0196863775366486	0.0002161670498116	0.196072787639604
50100932	0.0544619774154051	0.299606992256028	0.172774070626687	0.185811027280642	8.38037773421249e-05	0.0752596313184487	0.0376003433157891	0.0008890757866703	0.173513078222988
50101073	0.0497156466166669	0.328745481742693	0.126431980869445	0.263710633543299	0.0016570671034172	0.0442831707218308	0.0267148656191448	0.000325542318911	0.158415611464592
50101523	0.0588078551323829	0.346546853896797	0.170889087140282	0.114150337710722	0.0005929747930252	0.0751703518125433	0.046729366335427	0.0012377844765621	0.185875388702258
50101659	0.104446214066144	0.379337950018518	0.14584215913649	0.170602659853164	8.58493707811283e-05	0.0361976955697558	0.0097817755332833	0.0001153231268775	0.153590373324986
50101785	0.0628124753823678	0.336163985351041	0.165234211439825	0.187594263741654	0.0002286856234907	0.059008243729906	0.0144164372956247	0.0001553591520038	0.174386338284087
50102088	0.0003813775074239	0.263506306129377	0.175730549534518	0.294815772799638	0.0036518895371009	0.0618605346822437	0.0197907491426863	0.0007629402578196	0.179499880409191
50102240	0.0209214091881341	0.293453902263029	0.165828628178668	0.264415385499492	0.0001779743019544	0.057251155171153	0.0169930976484031	7.3148858282874e-05	0.180885298890883
50102376	0.11669173900014	0.336617072643139	0.121015882819314	0.118403744913373	4.07438376747782e-05	0.0963741965916855	0.0253335147070412	9.32627990983519e-05	0.185429842688534
50102952	0.0681323401307702	0.356138458533298	0.134382207648529	0.187685702359916	6.12350614289608e-05	0.0525126234823573	0.0248748817175702	0.0004203980748487	0.175792152991281
50103129	0.0570816494304078	0.378545071337131	0.118346079275523	0.189638273435968	6.8865100388576e-05	0.0486661660879821	0.0294362279908234	0.0001154333988227	0.178102233942954
50104008	0.0646924732446881	0.264624349928813	0.143109789725764	0.24489201995497	9.15533828240197e-05	0.0782091433465378	0.0283041976701334	6.67527974779748e-05	0.176009719948791
50104134	0.0098584261836071	0.270228539858936	0.205848378561981	0.273550292519109	0.0010907962207684	0.0440714371158077	0.0212167006960624	0.0002740603493061	0.173861368494421
50104684	0.0584885257032791	0.397692998213239	0.155805151801899	0.178780716557133	0.0040564418037461	0.0384650751714514	0.0133653400002752	0.0003713128012608	0.152974437947716
50104846	0.0592962566417466	0.272849898391781	0.164218806952273	0.262697246221141	6.8612818021559e-05	0.0614404311526781	0.0209021643922694	0.0002760644392476	0.158250518990841
50105437	0.0686343426181474	0.343907700252375	0.163247816446967	0.18445939795479	7.7551236655759e-05	0.0504235607834817	0.0127510058923065	9.06671594060701e-05	0.176407957655871
50105699	0.0204158736707453	0.284690892498547	0.167528438653413	0.242512456912231	0.0002692191660013	0.0673674504742343	0.0319572584157037	0.0001310782960942	0.185127331913031
50105725	0.0655359333384157	0.344867720918477	0.140081911568797	0.234689284523976	0.0001380924870429	0.0442214561286176	0.01438122113357	0.0001122231968047	0.155972156704299
50105987	0.0398983869565722	0.323409101856465	0.223412474352772	0.172022390202226	0.0023261169145667	0.0472038890049005	0.0183342777867574	0.0006085901022064	0.172784772823533
50106280	0.0990064423767463	0.328437665242876	0.134441260266155	0.2035933790484	0.0006701211000363	0.0443610628931766	0.0238367477476068	8.83221240013913e-05	0.165564999201
50106578	0.146032370770338	0.392460947458862	0.150114794579044	0.10363773651951	0.0002376697879849	0.030843200477541	0.0180855795569903	0.0003450414592161	0.158242659390513
50106730	0.14500476476733	0.422276659530242	0.0852959476868363	0.144790453055448	0.0001719851483122	0.0401889490917387	0.0116187231865928	0.0002996820610423	0.150352835472458
50106992	0.0566217994018737	0.341155419198196	0.174407629393442	0.188181260476767	0.0029466279450384	0.0454339373121547	0.0180137735672359	0.0003488421293086	0.172890710575984
50107583	0.0315202554181233	0.263967949170551	0.128669244443638	0.237878814698297	8.01644109352531e-05	0.100181164336284	0.050171848168665	0.0003503382484143	0.187180221105093
50107619	0.025029239630974	0.306300834561377	0.141162785090119	0.266330047053068	0.0001323193364923	0.0679232523406934	0.0255929216148878	6.64316555701405e-05	0.167462168716819
50107745	0.0488009350486111	0.336593238622856	0.111698522788026	0.217056590122532	3.58260747394179e-05	0.0803590991988721	0.049579571217711	8.53544605266466e-05	0.155790862466126
50107871	0.05583756864251	0.337747974147	0.190000889418189	0.173301927787451	0.0007111159739052	0.0512758890335748	0.0203346739446311	0.000210882066857	0.17057907898588
50107907	0.100946014746449	0.352376296982239	0.157656511402297	0.181233626988043	7.0668970007392e-05	0.0419863170411161	0.0116118000095853	8.90425059567473e-05	0.154029721354307
50108048	0.0001129195316897	0.211346329692871	0.189192029655618	0.338991944544233	0.0151719392254329	0.0448902548454462	0.0271164178414054	0.0004090037979639	0.17276916086534
50108200	0.000265914423017	0.204202176027791	0.244325981619583	0.27358420441143	0.0131123469048459	0.0414019015726239	0.0364794883194686	0.0009282454573898	0.18569974126385
50108462	0.0461987518362309	0.313509599188623	0.196912030329757	0.193950745528868	0.0013165173785775	0.0570701739476895	0.01666741891009	9.82319697065274e-05	0.174276530910458
50108598	0.0352332063597747	0.286525091539165	0.148247644699568	0.305736045620131	0.0046902130201573	0.03222720282477	0.0216443553478622	0.0001138882678368	0.165582352320735
50108886	0.224892555218291	0.374520516876957	0.131349482315358	0.084638757614928	4.74310340643721e-05	0.0295793663671447	0.0104045416794608	7.11558723188605e-05	0.144496193021478
50108912	0.0692208811654049	0.321269187005708	0.202548481118096	0.204339739829105	0.0001163342147749	0.0375417521801288	0.011908560415026	0.0002602474535668	0.15279481661819
50109189	0.0602050993577322	0.382624659048597	0.142865017666459	0.183598223550673	0.0003193306719926	0.0388095621659966	0.0170954882198075	0.0001112178079333	0.174371401510808
50109477	0.0521373363535159	0.274087989023399	0.248158556384302	0.206408808132344	0.0003432649256008	0.0346911966704507	0.0145316210379828	0.0001514666920268	0.169489760780378
50109927	0.0557775401741252	0.326684174365671	0.170417037559623	0.225822972818046	0.0003454113274208	0.0421874839170655	0.0128840945999474	0.0005260782893957	0.165355206948706
50197261	0.0832042012651482	0.341694331642076	0.135272166913026	0.203663157570293	9.02981078024473e-05	0.0418416927277139	0.0317164677053506	0.0001481817665303	0.16236950230206
50300408	0.0598278890067348	0.307115172909209	0.188535528254106	0.228129986609963	0.000361766465748	0.0396538362287912	0.0193067585880758	0.0001410639219593	0.156927998015413
50300822	0.0576026802238482	0.343484153487302	0.145937949494068	0.209211729237198	0.000138773579487	0.0523613998505033	0.0157464087950341	0.0001131158710304	0.175403789461529
50301099	0.0068739279469096	0.203337898519762	0.150441914835114	0.299621277442169	0.0020575740020542	0.0974308126225686	0.0401182834772901	0.0004320684283421	0.199686242725791
50301387	0.117149898667474	0.355785751797764	0.182945420081926	0.0901064817860111	0.0003747802907194	0.0607126957032607	0.0267390457781111	0.000214271748253	0.16597165414648
50301963	0.0977288736530245	0.359651748740552	0.139536974296537	0.188625317134867	8.75845471852925e-05	0.0457867445257897	0.0124382009802933	0.0001285688791703	0.156015987242581
50302004	0.114416838351074	0.350666208903382	0.143814887454156	0.180892313489774	5.24427443527614e-05	0.0422747618411241	0.0114128622268398	9.67181480264135e-05	0.156372966841271
50302266	0.0066733964450036	0.319288504440348	0.1863074897445	0.205832472351477	0.0056908750010036	0.0577271127974531	0.033703565540014	0.0010719233464614	0.183704660333738
50302428	0.0357342617456107	0.270128639726231	0.161329752435568	0.26821173311361	5.33273959769968e-05	0.079522953017515	0.017985565714976	0.0003337349421336	0.166700031908379
50302554	0.0867640507444793	0.363983716501172	0.178854056661559	0.125100085977264	0.0002007005944669	0.0542180314007788	0.0154090145515848	0.000122656498024	0.175347687070671
50302978	0.111355348214374	0.367731217205707	0.151516416179819	0.196104945941762	0.0025366897549795	0.0331337089916594	0.0036831296839037	0.0001741418621152	0.13376440216568
50303145	0.0804275226043617	0.343815095418941	0.126528460702225	0.240944815323524	0.0003435379916169	0.0381602797592163	0.0135903764432607	0.00044666618305	0.155743245573806
50305165	0.0529499913969679	0.309583964167991	0.161778525834637	0.259387395806739	0.0011034449718325	0.0424022764765455	0.0133609317512212	0.0003669742110568	0.15906649538301
50400385	0.02415958448438	0.313302736307446	0.198332632069493	0.23801427501392	0.0001002617861125	0.0403416173321603	0.0196720644955894	0.0006454675385832	0.165431360972316
50400709	0.110696355891479	0.371733666553907	0.152058481851556	0.143057815804959	0.0001043073199704	0.0391900487944946	0.0189492804557792	0.0002177086844961	0.163992334643358
50400835	0.0693895641273361	0.323606855921377	0.184328339684873	0.167791904856265	0.0001169383795658	0.0594344517097467	0.0212975301180109	0.0001552138400291	0.173879201362796
50401002	0.0125170498239192	0.282950658921551	0.151460912754959	0.306095429599915	0.0032050403737207	0.0369714049607196	0.02368680303997	0.0006881296013236	0.182424570923921
50401264	0.0191555377007798	0.268878515318353	0.146276246029582	0.298158943276007	0.0002346262328245	0.0602160342481442	0.0203038750765589	0.0001366002291296	0.186639621888622
50402017	0.0649031672342043	0.351995004660365	0.126860226328324	0.224699088166552	7.09949078335402e-05	0.0476045811470203	0.0148918616022939	6.73932628835399e-05	0.168907682690525
50402567	0.103363958476553	0.357982805836895	0.150463700556076	0.156128635683117	0.0009488296851219	0.0411999319409457	0.0250128478332986	0.0003053110898195	0.164593978898174
50402729	0.0045977295371797	0.236391834346025	0.219169429555587	0.288202359106142	0.0042523905977738	0.0406688080883443	0.0244334577215784	0.0002932240661002	0.181990766981271
50403446	0.0003344305503226	0.223375183751058	0.201406941813456	0.320079974507927	0.0023423196124107	0.0426961964147711	0.0321551399906541	0.0007232416302242	0.176886571729176
50403860	0.0252852703901869	0.265140679865852	0.134915923253165	0.31186855271672	0.0001502170789683	0.0568236974544777	0.0231327061052613	0.0002051202033718	0.182477832931997
50404163	0.0507034745319404	0.373891581685359	0.138156529854701	0.203082828827329	0.0003579670443383	0.0343584459227126	0.0202860773097708	0.0002902344543912	0.178872860369459
50404299	0.0868135694379843	0.396449169526677	0.114781737258586	0.163615649617093	0.0055773661799723	0.0456730250176219	0.014771583525435	0.0004705517873242	0.171847347649306
50404749	0.0295673156973722	0.319453868789332	0.170978358088659	0.249377143645574	0.0006004945772619	0.0409104493355765	0.019148387221813	0.0001643066033063	0.169799676041105
50405042	0.0955675557700238	0.373275511050195	0.115949744254511	0.197703865405119	0.0042541806150507	0.0337723789146235	0.0154134904119954	0.0005190328464418	0.163544240732039
50405330	0.0442054167907023	0.338521531395955	0.135273299597621	0.241392235473815	0.0009484264438346	0.0449545246812158	0.0180941308308423	0.0001667505590077	0.176443684227005
50406057	0.062452872882644	0.286429324522586	0.181134361795877	0.213533608946594	4.43810802881628e-05	0.0736039650302798	0.0191588635374636	0.0001149194165253	0.163527702787742
50409370	0.02326459060341	0.276109428006819	0.221480077624894	0.208058936282999	0.0001155020673798	0.0500974699492999	0.040115117270446	0.0003392285284306	0.180419649666321
50409532	0.0218052311889513	0.313982394320644	0.24070248210617	0.138012359805217	0.0182376800338717	0.0573344317462795	0.0261908909369012	0.0010112469860773	0.182723282875889
50410283	0.0160784863277313	0.318941582553843	0.18355345663732	0.215383797861562	0.0008637404507173	0.060397041337678	0.021039377300751	0.0003545198877561	0.183387997642642
50410319	0.0794557416998174	0.295041705495825	0.136176737115983	0.271719856014146	7.8588342933349e-05	0.0411265681534579	0.0206339217888005	0.0003145512346618	0.155452330154375
50500136	0.024244194336121	0.286728285351996	0.13193807041796	0.260020283544215	0.0063057595317275	0.0784347350574316	0.0224754503052484	0.0002206187060174	0.189632602749282
51400993	0.150569218730721	0.398042396001409	0.147776989735354	0.104163698389982	0.0048890623071519	0.0356316905999007	0.0124106204819901	0.0004350345700684	0.146081289183424
51624179	0.121467893353247	0.39317864090632	0.114776652363182	0.137741246407033	8.06421130569023e-05	0.0552123220732123	0.0112759736436209	9.56112805109486e-05	0.166171017859818
51815338	0.0746951849482764	0.328072219350234	0.157857468529847	0.158392587813986	0.0001251740011035	0.0717149400178203	0.0442618378590895	0.0002755748417144	0.16460501263793
52311825	0.0219755748173241	0.326326302705104	0.176246210466796	0.225786364515331	0.0002647272432076	0.0396033051526127	0.0262299806724906	0.0003055063596407	0.183262028067494
52509923	0.0931919342840845	0.31711728070559	0.166899608840635	0.201192199318618	0.0003238687597231	0.0398474267012571	0.018796996450822	0.0001004760031261	0.162530208936144
53772202	0.0002228014531653	0.213548123351749	0.157751790305728	0.30224296147652	0.0001274079242745	0.0923933773463062	0.0590645674941152	0.0001015657363926	0.174547404911749
54122640	0.101654713611724	0.335550039274913	0.168148616018144	0.184337302729012	0.0001855582249251	0.0375981880763368	0.0137387862620358	4.65642215043491e-05	0.158740231581404
54458919	0.0001778132977642	0.230926083930662	0.177083350323441	0.267202715466615	0.0031956810920256	0.0876090358114239	0.0319758336917482	0.0006288312269179	0.201200655159402
56102646	0.0189870137231338	0.299722336444331	0.227964717867068	0.200652884616749	0.0017648834548358	0.0439318704672129	0.0241710216023503	0.000181595641344	0.182623676182976
5689621	0.162583829023583	0.345467785287876	0.155453002302929	0.147283221500145	3.80923636426971e-05	0.0306992359246525	0.0153887752748605	0.000100110070629	0.142985948251682
5779736	0.0489083906871043	0.341794031207377	0.186351039795076	0.190915611044044	0.0010836900551707	0.0356550081522622	0.013945805208606	9.93580197848925e-05	0.181247065830575
57978756	0.0494879560623334	0.330348647968009	0.131259855733694	0.236229281469854	0.0002123925480666	0.0479370483299894	0.0254684905593729	0.0001270630226087	0.178929264306072
60725338	0.0361800470796667	0.287154624403158	0.185642700271681	0.254753212301584	0.0028322644488293	0.0420112072518997	0.0233196609441856	0.0004530756671053	0.16765320763189
60747316	0.0074517808315322	0.24643709341361	0.212657240760221	0.276152226552939	9.00459498028956e-05	0.0622295868759232	0.0267758777290745	0.0003309493088021	0.167875198578095
60848460	0.217396205024336	0.365856021656679	0.142172455312284	0.0880091814038166	7.82342141244711e-05	0.030020382866998	0.0154975492371657	0.0001462850349308	0.140823685249666
61029627	0.0349133305581747	0.299281842642888	0.177623481585654	0.205103671275111	0.0002753837897275	0.08251456309523	0.0230744625553669	0.0002753072388985	0.17693795725895
6107196	0.139433053116687	0.3669641644709	0.1349828404197	0.15434391075204	7.6600768146782e-05	0.0372180323592695	0.0128588149214079	0.0001402576694591	0.15398232552239
61142759	0.0510220468005025	0.315194554601796	0.121885538442648	0.259139157887586	6.63449395114949e-05	0.0546748907899738	0.0266906196862691	5.18570076475133e-05	0.171274989844066
61344957	0.0763383715484381	0.383274926228838	0.149927463525218	0.11405612838513	0.000126502363307	0.0656170637472719	0.0173493250938346	0.0002293484278936	0.193080870680069
62367972	0.0205032358538183	0.265577737449583	0.14892019890206	0.282728584591511	7.06209822558354e-05	0.0521780782330232	0.0231307468689751	0.000267384774852	0.206623412343922
62404688	0.0329452431099786	0.308912339616654	0.13852828702384	0.255208200343035	0.0001661094720498	0.0682980564448189	0.0197375456930482	0.0002305084446343	0.175973709851942
62483327	0.0115221068029987	0.25239516384386	0.195409031074284	0.287191756733118	0.0036805074314537	0.0552941558208795	0.0166691188431251	0.0002941478395325	0.177544011610749
63188799	0.0523256269649535	0.323705596359825	0.16747053365876	0.215378988177309	0.0034867486479673	0.0461344334779073	0.0165607288951201	0.000625155049778	0.174312188768379
64291829	0.0640354161091116	0.317330715867318	0.158472296843294	0.202780684488398	5.43621488415594e-05	0.0762229088858721	0.0347233911973015	0.0003902838894094	0.145989940570453
64358179	0.0848391570524369	0.400629415136101	0.151733903808897	0.104405781497118	0.0001710265596753	0.060547407491358	0.0208721906992124	0.0001057353848313	0.17669538237037
64493027	0.0888481015439098	0.325287838698357	0.137030622648665	0.202820613192669	0.0017568620071272	0.0525404786643053	0.0221423757357325	0.0004475588006491	0.169125548708585
65001607	0.0882028205303408	0.398083278407817	0.180246465246417	0.118573763235896	0.0049418582825553	0.0389154470395853	0.0166532129075848	0.0004366170945001	0.153946537255302
65292866	0.0203130376523661	0.281508354360329	0.209142656589135	0.191793758691766	0.0052342633187665	0.069959460919632	0.0372552528829412	0.0008310368221449	0.183962178762919
65652206	0.10450120246371	0.388352246962319	0.135265173448391	0.162378216064813	0.0039904655180478	0.028272619020411	0.0129896206641445	0.0002341205698341	0.164016335288329
65736039	0.0843119916844436	0.38393960569242	0.185860534205396	0.129850656092793	0.001483898455855	0.0396079026781336	0.0142369211228584	0.0006863348136261	0.160022155254474
66406040	0.049852242268959	0.30626760182706	0.170158459153675	0.228090009025242	9.59040328759335e-05	0.0486817794668822	0.0207449522855273	0.0002280869429505	0.175880964996828
66754397	0.0572503854779974	0.31092291562203	0.200012268440003	0.190487448768678	0.0001073654472367	0.0488030270070506	0.0286033597923125	0.000337382889181	0.16347584655551
66924745	0.0721236817964698	0.350213042518265	0.146336706872021	0.210528265511228	0.0001506801231897	0.0371811043947067	0.0192566629027604	8.57906211923405e-05	0.164124065260168
67185070	0.0609135496053949	0.362149234955825	0.13880385504088	0.220954590049296	0.0001922098272684	0.0423217303553447	0.0164612383219095	0.0001602272910571	0.158043364553025
67429065	0.0965711920526075	0.315250044516656	0.141239848690444	0.199461451752136	0.0001468764801979	0.0449843749012744	0.0197282756514033	8.61261364413223e-05	0.182531809818839
68015667	0.0979408971395316	0.333955661780543	0.145310236154487	0.199067127417153	8.84180835175126e-05	0.0469430589044709	0.0146423247867981	7.22594072524421e-05	0.161980016326247
68745332	0.0489975760802055	0.298405514489145	0.194903905868009	0.217929676492231	8.34523490699566e-05	0.0417302709122351	0.0225876705202962	0.0001508447850865	0.175211088503721
69982533	0.0385383492021333	0.288732298916984	0.160126588050664	0.219846087517971	3.707650352002e-05	0.0754181837780516	0.0354561928608673	0.000479782495793	0.181365440674016
70816595	0.0001839936060805	0.168193688157606	0.231451510092353	0.337542464856129	0.0059462061472885	0.0458627341113809	0.0339499940247878	0.0001518066456751	0.176717602358699
70883578	0.113411810065106	0.325684557338065	0.12474721968843	0.1855543200886	4.3849826418689e-05	0.0704050328635188	0.0204747860064182	4.85795124112703e-05	0.159629844611033
70917649	0.0718252345983912	0.356597243546237	0.108363601666104	0.223311200847816	0.0023327048383461	0.0407738927905442	0.0203581268218208	0.0003300205477021	0.176107974343037
71626373	0.0357449237792439	0.309800093894892	0.208464703453627	0.205769393011888	8.34638115081421e-05	0.0467313354749141	0.0240816416620483	0.000222770413774	0.169101674498104
71727427	0.0372413727810271	0.309335862758116	0.150030469978188	0.253833090017824	0.0002673281304754	0.0565944072473527	0.0166599162472323	0.0001791629063416	0.175858389933443
72188804	0.0408034850669885	0.278696518191198	0.17808215268062	0.279499116756305	0.0005595071911556	0.0408741046701849	0.0176997493031956	0.0001553940319353	0.163629972108417
7253015	0.0110944960551463	0.262139599680078	0.183564650875892	0.291111492689608	0.0029081830876424	0.0513743491053366	0.0169507865100008	0.0002260001842416	0.180630441812055
72650337	0.0704753589836694	0.339851628302119	0.138250615675658	0.223760513214975	0.0001224644442121	0.051718200397898	0.0138059864068915	0.0001237799281518	0.161891452646425
7287209	0.0841380884664022	0.339308642553582	0.139426058124912	0.210302119330953	0.0002411110714913	0.0398348878112919	0.0194884450805196	0.0001315049434142	0.167129142617434
7311370	0.031634072778198	0.300325397330375	0.143784282033302	0.239650828773714	0.0001987044422651	0.0599143265268294	0.0306125566404887	0.0003470744864035	0.193532756988424
73549281	5.9806095113845e-05	0.201074346687827	0.163568874236435	0.347480787399858	0.0152392243728065	0.0500189729598546	0.0216102329460473	0.00047272356865	0.200475031733407
74753465	3.75175329999277e-05	0.112452486143441	0.202943811698405	0.357381123458577	0.004869567896341	0.081482577132565	0.0438975670088747	0.0006346312576033	0.196300717871193
75990666	0.0012850244688842	0.2342591483639	0.225019375294858	0.277034540824347	0.0001536821223786	0.0518624693411057	0.0299081000810366	0.0002052023087335	0.180272457194757
76867532	0.0173599839871707	0.28988160531456	0.188912691048323	0.244368723345578	0.00465162998465	0.0408098623646438	0.0305659154768663	0.000721693890826	0.182727894587383
77143621	0.0547573497426989	0.302007848680684	0.154649227805227	0.227622209437024	0.0003920910447968	0.0620201969321286	0.0235502674085235	0.0001024084148115	0.174898400534105
77239958	0.01679177413337	0.292273325351717	0.164851377074544	0.26276715250107	0.0001321223192898	0.0550742637967458	0.0244672911160035	9.50108024055952e-05	0.183547682904854
77330002	0.0396903195137048	0.315554652032421	0.173338082180371	0.220168871739022	0.0001899088999305	0.0675439297081786	0.0170024299655296	0.0001054436350756	0.166406362325767
77891596	7.10688594358274e-05	0.203781642990803	0.162161720066311	0.341980588849897	0.0021693141452418	0.0721246142983991	0.0381952916040518	0.0003018150063264	0.179213944179533
78452313	0.144813097009978	0.36366332877866	0.138547982641514	0.132997034132196	4.53534410267099e-05	0.0377478984657188	0.0239743453770039	0.0003871715406862	0.157823788613215
8109170	0.0649171383631299	0.347178557941971	0.158604053013978	0.207849413314275	0.0001970104418209	0.0369575198257022	0.0129021820600247	0.0001091439649801	0.171284981074118
8132197	0.0015996720910913	0.258862701348011	0.208683637164951	0.230545703124382	0.0060464483162432	0.0614720121974021	0.0397408677631814	0.0004259347710315	0.192623023223707
81852640	0.0977589294579993	0.32850949962398	0.128093313458837	0.219892632596131	0.0002180054784063	0.0380373159816747	0.0151863642456876	0.0001449518707121	0.172158987286572
82317494	0.0650417413023179	0.367062231338314	0.166436726025828	0.182482729219787	0.0181357504293357	0.0347213853152212	0.0151803489085604	0.0004182998589799	0.150520787601656
82624422	0.0065623901837364	0.277912972963876	0.160583105350506	0.290834467309868	0.0022504959091254	0.0537508023039468	0.0207544965135987	0.0002180269256021	0.187133242539739
82684406	0.0194803928290151	0.270491354711416	0.168618026857635	0.296214553093297	0.000581328560907	0.042332100777371	0.0234508333124795	0.0002379154546276	0.178593494403251
83034844	0.0838702387405245	0.326123836282497	0.144024745629905	0.141075309168689	0.0043193116933044	0.0719544945343618	0.0616520579903122	0.0003570694954014	0.166622936465005
83984043	0.000195773970886	0.239859661110904	0.211556959068012	0.247349580522658	0.0042085705086905	0.0579853819435891	0.033967963480353	0.0018694616094472	0.20300664778546
84417209	0.0048480111280743	0.241362212038956	0.181493950327185	0.312411982098626	0.0060750646968953	0.0479422506072566	0.0305214975143936	0.0007629703626184	0.174582061225995
84642424	0.049438397743477	0.298157204381763	0.165569381351036	0.222480576897177	0.0001856956575543	0.0608638096029956	0.0328015139958568	0.0012793835764923	0.169224036793648
84653463	0.0471293273439448	0.294535092644039	0.193655700616843	0.242542985364568	0.0026054566123352	0.0372694482390704	0.016008491947557	0.0004497381851454	0.165803759046498
85065193	0.0715594189919006	0.329041727563406	0.161154624878778	0.176852359051582	0.0006108895031915	0.0629261624192612	0.0154088235648906	0.0001123223094266	0.182333671717563
85171938	0.0743752051252687	0.289744222701725	0.145142821276118	0.25561375484175	8.39905655443269e-05	0.0361275081392985	0.0306887335607444	8.74840434770751e-05	0.168136279746073
85666580	0.0030098048295923	0.26956232015572	0.186905615743458	0.28963669803219	0.0006183752192891	0.0500320272225617	0.020600971210499	0.0002532804765008	0.179380907110189
86071821	0.135851493412843	0.368181488805862	0.12159147218658	0.150217131043937	0.0005271919551179	0.0383134102629994	0.0134121786544306	0.0001975375340572	0.171708096144173
86177506	0.0556951254501543	0.335599801903566	0.159398400407808	0.222620585985294	0.0044492500203309	0.0425600066755196	0.0117648035236421	0.000166273099024	0.16774575293466
86408244	0.0244960494354687	0.308517137751901	0.210600193869579	0.216971022646145	0.0001231342470015	0.0511590885639544	0.0191798520878973	0.0001388683976444	0.168814653000409
86903794	0.0001074524888504	0.194968387905693	0.163762469047474	0.361318822055866	0.0061828476015577	0.0480117918953014	0.0464774111802726	0.0009969880900824	0.178173829734902
87038802	0.100743848772122	0.350047124928179	0.189840270652053	0.152633749073838	0.0077607530724404	0.0299375690029439	0.01607136941715	0.0005791110253923	0.152386204055881
87410220	0.0477952872936368	0.301147765271203	0.228826685987306	0.214870861785774	0.0008378100154158	0.0320518359340384	0.014049955124194	0.0001174605582897	0.160302338030142
87779516	0.0427694350514775	0.302378146381363	0.17889597212008	0.209640222016628	0.0001084588099658	0.0403582308237824	0.0092580187271833	4.18085700526463e-05	0.216549707499467
89001223	0.0777077199080729	0.309986144318757	0.127003043302332	0.243136408593036	0.0001265551942647	0.0566739899799594	0.0171433356661283	0.0001003794797831	0.168122423557666
89164957	0.0232504208044746	0.321668534365785	0.17211415783984	0.247001721014044	0.0137352989380018	0.0349236727533194	0.0185175074040207	0.0002762655154223	0.168512421365092
89614402	0.0677303940035976	0.312456800376838	0.164852014487355	0.205198039843338	0.0004362456553489	0.0521977139728697	0.0195179315045936	7.86202543580036e-05	0.177532239901701
89903942	0.0138390864228818	0.290495146531001	0.205945396444069	0.242954787743801	0.0068720944698125	0.0426336767441738	0.0210104508633301	0.0004335968044225	0.175815763976508
90267190	0.0224071064497456	0.278912184380633	0.169947748440605	0.281116061086045	0.0018932664304607	0.0439086933294483	0.0242530693653638	0.0001504090220652	0.177411461495633
90447310	0.024910201091703	0.297582409570176	0.144557512364092	0.246847198823216	0.0001068997442012	0.061422501548589	0.0438601548109153	0.000366480101279	0.180346641945828
90942860	0.0182225283479108	0.275758589511833	0.179151354950062	0.272181218338566	0.0011417660369719	0.0645747874278311	0.0195056268003518	0.0001895070541975	0.169274621532275
91018909	0.0453967170824519	0.330867415752496	0.198656559908358	0.199155104405449	0.0001870842176797	0.0385562152349661	0.015987129995367	4.42670119025695e-05	0.17114950639133
91707643	0.0509147576642925	0.309897725605431	0.1695040086519	0.22537516467211	0.0014051921172107	0.0413335066851414	0.0227542494785336	0.0001000228963607	0.17871537222902
91921829	0.0319864510474739	0.279755617982287	0.197676673565833	0.228251723928247	4.8433275227576e-05	0.0656516394408728	0.0207599717604086	0.0001482129085651	0.175721276091085
92113025	0.0239570513022227	0.313412889045873	0.149365863200285	0.273584468125034	0.0010355351510999	0.0484613763004285	0.0168154406496224	0.0002045996726072	0.173162776552828
92393245	0.042423857896698	0.340813484018668	0.192237201740671	0.200775149616083	0.0001143207218401	0.0411930348727088	0.0150778915271516	0.0001008792257112	0.167264180380469
92613520	0.0601691072115315	0.372296096966593	0.155023718837413	0.182638859440797	0.0049964372549632	0.0341932873664388	0.018701248297313	0.0003863433061528	0.171594901318798
92996364	0.0504204497535758	0.329523081601539	0.154091388073756	0.233952978403551	6.34171269812492e-05	0.0446697619291163	0.0143876113957102	0.0001704160025861	0.172720895713185
93462021	0.126136578438002	0.349900971460025	0.125507221752681	0.188100074682923	6.47412010066023e-05	0.0367175115770792	0.0227292667782271	6.38550774103224e-05	0.150779779032645
93815598	0.0626914172609082	0.306557802195675	0.171313232433561	0.220144030589832	0.0001122056545129	0.0497816927291201	0.0222480418517314	6.85122643367794e-05	0.167083065020323
94092977	0.0343016652413598	0.287604255187153	0.170844581300199	0.236926712369978	0.0064784799566985	0.0560576504832101	0.0262981887868593	0.0002740267389985	0.181214439935544
94430339	0.0087286978769706	0.257833035836273	0.175613564373447	0.308526874533087	0.0036979868745393	0.043206868784896	0.0253269738015791	0.0002495634711879	0.17681643444802
94722642	0.0095753332571189	0.22631216317356	0.170215636446363	0.343619767684099	0.0002236914283763	0.0493657061250183	0.0272681974713848	7.35900290992585e-05	0.173345914384981
95491648	0.0682133253630689	0.313142966447987	0.16253634010784	0.23277240437884	0.000882736459523	0.0422573445980063	0.0198690534051741	8.54890477736324e-05	0.160240340191786
95919181	0.0509190884922537	0.285208805325924	0.164663068828482	0.248913281746525	0.0003899719358792	0.044698046583782	0.0348090273037507	0.0001285990691324	0.170270110714271
9650662	0.0581905857050081	0.363407226629113	0.108374217975748	0.222305502173184	0.0043742537208809	0.0484808821355953	0.014855824406983	0.000377130719667	0.179634376533821
9841821	0.0068005589032584	0.232617714558519	0.197839402124252	0.299025575747465	0.0002107041997686	0.0574113660192916	0.0321021067993193	0.0018134417466612	0.172179129901464
98953007	0.0721512585071637	0.301519021782876	0.138507318690252	0.243610717699749	0.0001223474470905	0.0457359882403724	0.0295233622734212	0.0001885484348496	0.168641436924225
